energy(0),homogeneity(0),contrast(0),correlation(0),energy(45),homogeneity(45),contrast(45),correlation(45),energy(90),homogeneity(90),contrast(90),correlation(90),energy(135),homogeneity(135),contrast(135),correlation(135),label
0.014331064250592782,0.1370969178243106,119.06752904576781,0.9836707368301174,0.01226410562690501,0.102066821638322,273.32691796147645,0.9622617371366733,0.012331959429267925,0.10299472884831827,255.94611658071574,0.9646541666276681,0.014331064250592782,0.1370969178243106,119.06752904576781,0.9836707368301174,malignant
0.025759307397510433,0.1496496992841062,163.1393977371895,0.9416499359874668,0.023280421726036844,0.11846024799678244,368.0237658268198,0.8659755781421313,0.023399123718072887,0.11948743847426803,349.5362850971922,0.872722262529151,0.025759307397510433,0.1496496992841062,163.1393977371895,0.9416499359874668,malignant
0.015064529930017395,0.12546797323150155,174.21792130270214,0.9654030738939786,0.01353929176433392,0.09799261265002172,469.924076720053,0.9050649222857694,0.013551591749178301,0.09831448853875342,461.93693407769945,0.9066473634186232,0.015064529930017395,0.12546797323150155,174.21792130270214,0.9654030738939786,malignant
0.0356538068638458,0.21867521214323402,77.58907686925231,0.9861435812333492,0.03535612263229604,0.21222064451042902,159.75004182420452,0.9715439377310789,0.03528382389094979,0.21047487630655287,156.65535103097085,0.9721011241270925,0.0356538068638458,0.21867521214323402,77.58907686925231,0.9861435812333492,malignant
0.01842768046908399,0.14409402667892027,137.10683864687275,0.982208448097531,0.015741827775499987,0.1039128101032019,349.86186999528974,0.9542272500287496,0.015714482774385412,0.10407076227069707,362.85287101777624,0.9525106812432347,0.01842768046908399,0.14409402667892027,137.10683864687275,0.982208448097531,malignant
0.011985853996793798,0.09732388740168044,445.09392486678814,0.902922340882101,0.009570651076999233,0.061106398487606475,1247.5470257797494,0.7241494802706786,0.009715521796283997,0.06264979297270763,1224.2533866100368,0.7293039154219478,0.011985853996793798,0.09732388740168044,445.09392486678814,0.902922340882101,malignant
0.012438695277700923,0.11479528737570283,199.62058817789753,0.9760049931655834,0.011137818106125047,0.09079379331095808,461.1823930209114,0.94423541180649,0.011188029458998,0.09272664048397378,447.0160966976514,0.9459156334988872,0.012438695277700923,0.11479528737570283,199.62058817789753,0.9760049931655834,malignant
0.012843140555824594,0.11760942121439222,181.9532339791356,0.9833743145309883,0.011522644365617918,0.0957419473384314,468.4226366930171,0.9570591511994351,0.01155926430648072,0.09549269247665923,466.44511529897034,0.9572088434203274,0.012843140555824594,0.11760942121439222,181.9532339791356,0.9833743145309883,malignant
0.017995811773277894,0.12694485121834814,177.25572496643903,0.9785325779088442,0.01712327064404165,0.10991368611223411,333.89100351125666,0.9592508248567372,0.01724420985820289,0.1126569536900077,324.29453929938177,0.9603991960297464,0.017995811773277894,0.12694485121834814,177.25572496643903,0.9785325779088442,malignant
0.01258605084233423,0.11182557432929192,199.25206912197257,0.956946756076173,0.011160499399543304,0.087656800544025,426.2178591084205,0.906605027078063,0.011181148849330667,0.08811133558984274,417.1677758593628,0.9085978253458279,0.01258605084233423,0.11182557432929192,199.25206912197257,0.956946756076173,malignant
0.02031631176381469,0.1318455493299794,385.2524700579185,0.9125017358917011,0.01818785730139732,0.10412756460591505,781.4712057352189,0.8217051918780858,0.018040173477784055,0.10275071537375449,789.7934306712655,0.8196712297869198,0.02031631176381469,0.1318455493299794,385.2524700579185,0.9125017358917011,malignant
0.014470375396283493,0.12788484435174033,118.95370147227878,0.9769766843767888,0.012776579215626131,0.1008535926093788,269.663983030822,0.9472043872916664,0.01279870018157064,0.10113230130933724,269.5040522462212,0.9472222169108083,0.014470375396283493,0.12788484435174033,118.95370147227878,0.9769766843767888,malignant
0.01489081536406256,0.134168633268173,107.42322528534329,0.9719173089358037,0.011700870111433885,0.08790839870126745,432.3519770154179,0.8855901263045206,0.011815387425159194,0.08982364774738551,415.62528581468797,0.8899821550908512,0.01489081536406256,0.134168633268173,107.42322528534329,0.9719173089358037,malignant
0.07004139996364542,0.20157087590081899,172.01452942128634,0.9507500357126607,0.07010637227899649,0.16625645740238018,427.14887062566265,0.8758936768996832,0.07070250442106556,0.1655817744308476,519.6114106638418,0.8491036795510258,0.07004139996364542,0.20157087590081899,172.01452942128634,0.9507500357126607,malignant
0.015691254446193164,0.13531418498284237,128.47674643461445,0.9823265661954309,0.013305557033931499,0.0959149965222379,362.1573536291497,0.9497648200671475,0.013254500566790114,0.09570239693814492,366.74128541865474,0.9491301919539658,0.015691254446193164,0.13531418498284237,128.47674643461445,0.9823265661954309,malignant
0.03682890999909816,0.17622517873996488,149.07004634645483,0.977170492110484,0.03553379361236393,0.155629796827097,298.9121786146401,0.9535724351345948,0.035726028923068344,0.15822575004450914,295.00216649556126,0.9541653836060399,0.03682890999909816,0.17622517873996488,149.07004634645483,0.977170492110484,malignant
0.016149499087845885,0.12950627806576132,274.026250042911,0.9653820628753957,0.014303663196468435,0.09798869211967082,711.7193069212044,0.9096838899468437,0.01445556029242528,0.1004459751563169,693.1932805265371,0.9120055463257603,0.016149499087845885,0.12950627806576132,274.026250042911,0.9653820628753957,malignant
0.012547051863498318,0.11895159188714373,235.845787672931,0.9631640912046626,0.011098274501120695,0.09206689948519935,585.4979318804745,0.9073401189348302,0.011015818303248584,0.09104534178049328,601.1965828645773,0.9048250431553341,0.012547051863498318,0.11895159188714373,235.845787672931,0.9631640912046626,malignant
0.026364233418609048,0.14846551214073833,129.82782220557075,0.9785987955797626,0.024450188687354702,0.12358692982227508,262.807644962747,0.9559222279831072,0.024625406603289504,0.12452970263517588,265.8995273014149,0.9553787508748928,0.026364233418609048,0.14846551214073833,129.82782220557075,0.9785987955797626,malignant
0.013848846425727677,0.12317336321661301,203.66319535493534,0.9725537958849598,0.01242016945725584,0.09655119860671005,536.5965013326106,0.9269245127274288,0.012275565483071123,0.09452297544526411,577.2374950679217,0.9213821772205337,0.013848846425727677,0.12317336321661301,203.66319535493534,0.9725537958849598,malignant
0.015713993399100738,0.13257638735648605,120.37768177028451,0.95703655071726,0.012158774336080294,0.08566927011388598,548.1512296382482,0.7991485933773192,0.012112103167189225,0.08498187368980506,581.1004382954006,0.7870110809860296,0.015713993399100738,0.13257638735648605,120.37768177028451,0.95703655071726,malignant
0.06724298312871395,0.17117091234898477,265.04955452895564,0.9449433892632079,0.06787499304087648,0.15521223229148956,332.7702986969965,0.9307126716966939,0.06882826823748837,0.15542564305258338,335.2336510421547,0.9302891460512793,0.06724298312871395,0.17117091234898477,265.04955452895564,0.9449433892632079,malignant
0.08822975277772598,0.22540699091064595,125.05925094203174,0.9633634842026945,0.08515719653071056,0.19890403161436537,241.2857290399578,0.9283420741213154,0.08594894339410768,0.20144546679062028,226.73327936706735,0.9326411835133933,0.08822975277772598,0.22540699091064595,125.05925094203174,0.9633634842026945,malignant
0.01501429889620385,0.12405392053547598,271.2115662894966,0.9643888789342646,0.013193725787171501,0.09268384987837194,774.9664344819746,0.8972272129872969,0.013154182864256367,0.09199012566865827,763.3226281027953,0.8987070357496838,0.01501429889620385,0.12405392053547598,271.2115662894966,0.9643888789342646,malignant
0.018196361661816,0.12916989647144306,172.19577762626113,0.9795122515597988,0.0172876575958523,0.11120782926209428,332.46209393443434,0.960103361079571,0.017296151634607064,0.11233877427198616,324.88219198416624,0.9609951453374238,0.018196361661816,0.12916989647144306,172.19577762626113,0.9795122515597988,malignant
0.014035718677431136,0.11162623968832426,185.40857533978684,0.9534500991567407,0.012523239762016612,0.08806850404697233,573.2947892581343,0.8543287479594528,0.012675069356374174,0.08877769042830537,560.9146273857607,0.8574146104603276,0.014035718677431136,0.11162623968832426,185.40857533978684,0.9534500991567407,malignant
0.01436995431938365,0.12702030045058788,133.40466224857573,0.9675334568202031,0.012380792233872484,0.09644224049784282,406.20227366551666,0.9000136482289371,0.012538335334265861,0.09917180723291026,382.2482389438328,0.9059201021854425,0.01436995431938365,0.12702030045058788,133.40466224857573,0.9675334568202031,malignant
0.018781922096727157,0.12509708892056412,422.99369666474,0.9042326509322633,0.016490275109600126,0.09880076603383937,840.0446058869675,0.8075576382454315,0.016322954213852305,0.09608295894522981,848.017288988642,0.8055976513388201,0.018781922096727157,0.12509708892056412,422.99369666474,0.9042326509322633,malignant
0.012200169097452722,0.0995781550509451,235.8881574089546,0.9395758175438035,0.009611123000432988,0.06289231818858443,714.9056237526314,0.815615002935108,0.009570231395888276,0.06318500788461064,742.5793911938308,0.8084242778464471,0.012200169097452722,0.0995781550509451,235.8881574089546,0.9395758175438035,malignant
0.01368098119131549,0.10468514362466884,353.3073802269327,0.892091648744801,0.011009584301301108,0.06842881670965748,1050.271916814976,0.670230837273847,0.01106842713678912,0.06752298430257445,1037.3378845763839,0.6743084171695253,0.01368098119131549,0.10468514362466884,353.3073802269327,0.892091648744801,malignant
0.012785142354204698,0.1210455086778482,146.03364318110377,0.9721256914094035,0.010633949431534303,0.08731268967615763,372.9870498924206,0.9282654645517026,0.010668100083733714,0.0873446726272035,359.6065487734283,0.9308563639570011,0.012785142354204698,0.1210455086778482,146.03364318110377,0.9721256914094035,malignant
0.01333668471226213,0.11251286975589353,197.03258024521287,0.9641818400400677,0.011353168482394557,0.08262633322285516,419.8576211923669,0.9235752160950832,0.01142313965351902,0.08411752193259363,408.82633523847056,0.9255943199458992,0.01333668471226213,0.11251286975589353,197.03258024521287,0.9641818400400677,malignant
0.029136851353287984,0.16946544790350795,131.91099788297961,0.9797575857559898,0.027405778599090633,0.14467644428086934,308.346953405018,0.9518996466368144,0.027343230523380953,0.14518714201023772,294.67151203730134,0.9540016790343047,0.029136851353287984,0.16946544790350795,131.91099788297961,0.9797575857559898,malignant
0.014480842177687556,0.12046242305350537,259.11496503385865,0.9519032615755899,0.013003273663876274,0.094563897672323,523.7096526662319,0.9019865729623726,0.013155704077674543,0.09732517773980083,465.1593403976665,0.9129543800986095,0.014480842177687556,0.12046242305350537,259.11496503385865,0.9519032615755899,malignant
0.012061386102515151,0.1078032403198767,290.45390369331466,0.94740348688656,0.01010840292628396,0.07630302308391669,921.6180646373839,0.8313171338223782,0.010206197515209814,0.07732205529847369,882.9866799554437,0.83833169794723,0.012061386102515151,0.1078032403198767,290.45390369331466,0.94740348688656,malignant
0.014667714026507232,0.12674907389894519,201.2338308457712,0.9541366935624753,0.013320242108291226,0.1032484336112181,458.06821404850376,0.8943050997733291,0.013372699815129938,0.10396477245773066,453.2011290322581,0.8954404961655504,0.014667714026507232,0.12674907389894519,201.2338308457712,0.9541366935624753,malignant
0.015268164149537796,0.1217932004758557,158.8969828620992,0.9651417525970784,0.014197316274266077,0.10184176070468613,259.119262913794,0.9417502065417324,0.014311140659750952,0.10322320109556654,269.6692610328529,0.9393988238960216,0.015268164149537796,0.1217932004758557,158.8969828620992,0.9651417525970784,malignant
0.011704662763309965,0.10692013363864124,172.79536299969553,0.9754617888734385,0.009892600318311993,0.07950020136911598,454.513356278062,0.9351476165689588,0.009880903134130096,0.07914672164681426,420.10261204600835,0.9401071734869293,0.011704662763309965,0.10692013363864124,172.79536299969553,0.9754617888734385,malignant
0.013521796202269027,0.11359732030706046,252.18562631664238,0.9432961697680801,0.011591815142043695,0.08215465201967649,708.0142173478014,0.8386792906986732,0.011625892230845997,0.08388329124335815,703.6378565455728,0.839669014747979,0.013521796202269027,0.11359732030706046,252.18562631664238,0.9432961697680801,malignant
0.010908555071519235,0.09006890953242866,372.8483103565871,0.9201301339910838,0.008846573754290607,0.06060382498553159,913.2221710062365,0.8022743043117249,0.008746476653041284,0.05956473131158694,943.065151050392,0.7958864781124123,0.010908555071519235,0.09006890953242866,372.8483103565871,0.9201301339910838,malignant
0.03372442633618382,0.19092864717451896,75.5740045595692,0.9799581912423645,0.0335736601731484,0.17525260268902118,236.2693976300197,0.936741950676116,0.03388592802518393,0.18077297994860822,222.3921489368695,0.9404745694991375,0.03372442633618382,0.19092864717451896,75.5740045595692,0.9799581912423645,malignant
0.03188342725309089,0.15156731133137857,182.88614828209768,0.9614103219275336,0.028744321908325543,0.11665775981342281,554.5794303857999,0.8816923165543298,0.02888666462494574,0.11731514156084023,541.4844621118391,0.8844195495563519,0.03188342725309089,0.15156731133137857,182.88614828209768,0.9614103219275336,malignant
0.014775324828506494,0.12781780256582723,180.80275739857723,0.9693926883506973,0.012452205478064367,0.09216106844805799,445.11160620247017,0.9236196389861561,0.012590866368518763,0.09428599071609818,410.93658024503185,0.9294684167290729,0.014775324828506494,0.12781780256582723,180.80275739857723,0.9693926883506973,malignant
0.01567187549800558,0.12989838465030676,273.73189011737753,0.9598716436332465,0.014480218181769517,0.11010173137002702,446.45984262386946,0.9337297469183936,0.01447776325875325,0.1089519249614451,432.16098330342083,0.935812760267231,0.01567187549800558,0.12989838465030676,273.73189011737753,0.9598716436332465,malignant
0.10469387550987552,0.21747720673160265,161.18166533175688,0.9551485904360246,0.10548229572061582,0.19178874318586672,342.7978650643996,0.9017196674003605,0.10597579407022432,0.19248924193092104,353.89062634630795,0.8985549563192009,0.10469387550987552,0.21747720673160265,161.18166533175688,0.9551485904360246,malignant
0.022206438491707437,0.15277632358385929,119.93356950067476,0.986642461081695,0.019602901809976096,0.11665683581115804,284.90193846251145,0.9680126849082149,0.019847833922037383,0.11798518264082322,288.1871947629499,0.9676371813373713,0.022206438491707437,0.15277632358385929,119.93356950067476,0.986642461081695,malignant
0.018971266817980198,0.1336738847419237,147.1138331546861,0.9597167239323792,0.01753399145388827,0.1102683374594669,272.1099838481728,0.9222852833702668,0.017560639135044215,0.1111790555057418,269.6534179638306,0.9229356394242111,0.018971266817980198,0.1336738847419237,147.1138331546861,0.9597167239323792,malignant
0.1612840453336458,0.29064623546761154,155.09288230658694,0.9831386060995179,0.15880926874145462,0.2687853600657411,362.1450743602687,0.9602115779767955,0.1588608913824887,0.2696172315635568,348.4164505688314,0.9616982756759931,0.1612840453336458,0.29064623546761154,155.09288230658694,0.9831386060995179,malignant
0.04463696686236155,0.15085212094117675,365.1391190983514,0.8991996818805682,0.04224629105550682,0.11432002955471718,910.7051675331853,0.7449397268282925,0.04286226792517275,0.1153096265569846,867.7460932440575,0.7571731489189747,0.04463696686236155,0.15085212094117675,365.1391190983514,0.8991996818805682,malignant
0.012887815888120931,0.10891347019937463,185.99246441971286,0.9507431973740281,0.010889150938189537,0.0803971909153782,520.5735970524572,0.8609986384526268,0.011110261768421678,0.08262094055125423,473.7013535841383,0.8734433789406174,0.012887815888120931,0.10891347019937463,185.99246441971286,0.9507431973740281,malignant
0.011414344025207085,0.10966727048586254,168.52865407213238,0.9777489886138563,0.00928877365191493,0.07552643006862743,538.1363862843683,0.9285679420954832,0.009355394602695976,0.0763102035237698,531.4551141542194,0.9294144804050616,0.011414344025207085,0.10966727048586254,168.52865407213238,0.9777489886138563,malignant
0.07833541438240757,0.18873709381744008,280.5386014594205,0.9549659407380847,0.07493559498083208,0.1606340182561775,530.9329246178626,0.9139779301397882,0.075603721259457,0.16231268276925756,545.223712174881,0.9117007240678111,0.07833541438240757,0.18873709381744008,280.5386014594205,0.9549659407380847,malignant
0.06449133940668723,0.23416623195719335,85.2731973208891,0.9683990138360219,0.061216019040430905,0.19659124249676213,170.5283767639523,0.9367545312543725,0.0615442544860299,0.1969192651739892,158.937722850842,0.9410414020948037,0.06449133940668723,0.23416623195719335,85.2731973208891,0.9683990138360219,malignant
0.011389330037301252,0.1057490001927211,204.31754828433003,0.9738201547365319,0.009967189625515198,0.08177847371389213,572.9301863031964,0.9261107535499389,0.009960863146763919,0.0809491061816556,583.3827639751553,0.9246900095370156,0.011389330037301252,0.1057490001927211,204.31754828433003,0.9738201547365319,malignant
0.012477162126491652,0.10312557600987433,414.10084535406514,0.9103705987170004,0.009859377924280177,0.06564321571391185,1153.235781349272,0.7493760714733991,0.009999724029168919,0.0674629320635656,1125.4623975822963,0.7553982542586468,0.012477162126491652,0.10312557600987433,414.10084535406514,0.9103705987170004,malignant
0.23486617228217668,0.34197507113201125,163.8905794511299,0.9738223054603093,0.23042341561324883,0.3142818956847019,293.12574742741276,0.9521905842799328,0.23026807413596823,0.3134539864667282,289.83474643802003,0.9527267040755778,0.23486617228217668,0.34197507113201125,163.8905794511299,0.9738223054603093,malignant
0.012401432060786132,0.11056770195870276,232.93120637305537,0.9664188362485926,0.010978670584707015,0.08599048431702208,485.69164248130045,0.9292852026427932,0.011092558393029426,0.08842182745771685,442.1476770888536,0.9356231086178723,0.012401432060786132,0.11056770195870276,232.93120637305537,0.9664188362485926,malignant
0.027182791221907476,0.14829807544196652,131.39031444413914,0.9821325288589103,0.025944318957084937,0.1289463227232494,228.026745593116,0.9688675769222184,0.025997618417755382,0.1276884923913225,236.84999717442287,0.9676625014703925,0.027182791221907476,0.14829807544196652,131.39031444413914,0.9821325288589103,malignant
0.018024815661271842,0.13396225069597745,151.65182184617476,0.9810218319151579,0.016237958652623664,0.10589072333169565,424.9402485295003,0.9462625455356697,0.016156278241203147,0.10544173582794816,420.0233686809179,0.9468533316811565,0.018024815661271842,0.13396225069597745,151.65182184617476,0.9810218319151579,malignant
0.025607482616696584,0.18870176623686244,98.02139310232548,0.9561413403196326,0.021645628618982452,0.13683356467605828,314.3396136924914,0.858933160877934,0.021707025956583886,0.1384505124059675,286.92711599599335,0.8711975777097541,0.025607482616696584,0.18870176623686244,98.02139310232548,0.9561413403196326,malignant
0.017492654353235694,0.15271938063011073,148.3263882337983,0.9644303372092508,0.015479917799240584,0.11913098358816473,512.6603913705395,0.8764713726101658,0.015687024676230732,0.12124138779849965,425.43766525811156,0.8975114226147696,0.017492654353235694,0.15271938063011073,148.3263882337983,0.9644303372092508,malignant
0.022299382777870805,0.1487774302472576,156.92449077513618,0.9759440445055279,0.020487171627225242,0.12488371207338926,244.38284641284645,0.9619565372599903,0.02049804329809104,0.1246785651062681,243.50358960566064,0.9621027964759343,0.022299382777870805,0.1487774302472576,156.92449077513618,0.9759440445055279,malignant
0.19125204560714942,0.33036625497244115,104.07369056955719,0.9520407778665892,0.1834464964669417,0.29039743254086203,198.31910534448764,0.9048547160644516,0.18516588691940558,0.29472972974943773,184.96088124950109,0.9112261949704435,0.19125204560714942,0.33036625497244115,104.07369056955719,0.9520407778665892,malignant
0.016814134102901897,0.1278013769242464,219.24506739155052,0.976799532913046,0.013851851708887124,0.08637507028761732,805.4059752554485,0.9144496821729687,0.013967365587768421,0.08877980146797013,823.0782475694339,0.9125947796802732,0.016814134102901897,0.1278013769242464,219.24506739155052,0.976799532913046,malignant
0.09908426445622046,0.22321566072528587,204.3462273467073,0.9692512626400035,0.09797340895486974,0.19945035107448045,661.935215640749,0.9008220117516186,0.098243836758791,0.2007065858747403,564.3611528856635,0.9154201905557421,0.09908426445622046,0.22321566072528587,204.3462273467073,0.9692512626400035,malignant
0.027431181703473178,0.139670551079146,270.76930266593484,0.9440648213631173,0.025814407543711736,0.10280397709247276,731.3142221553182,0.8465009975134441,0.026396427062461245,0.10285902835372195,758.9374361201109,0.8406740318066911,0.027431181703473178,0.139670551079146,270.76930266593484,0.9440648213631173,malignant
0.03446402515617074,0.19084831159611607,76.65360675671235,0.9806405883505896,0.034312786263462854,0.17924235700041075,184.39467860941022,0.9532158241545988,0.03446104656745317,0.18234440603707663,161.31736045161972,0.9590767262039274,0.03446402515617074,0.19084831159611607,76.65360675671235,0.9806405883505896,malignant
0.024306361938830262,0.18362388500919977,115.565318986779,0.9683492497153982,0.020761330199922507,0.13088452776229478,445.8184697972308,0.8783178636419471,0.020882507148675747,0.13282005751194673,407.0053443723546,0.8888895925604667,0.024306361938830262,0.18362388500919977,115.565318986779,0.9683492497153982,malignant
0.015418654974099161,0.1394492298329064,100.40636935623742,0.9877003951158937,0.013230585341913704,0.10096743268731627,304.7011791141586,0.9623358680246158,0.013253709089727797,0.10098246849382204,301.0610991838019,0.9627782405664915,0.015418654974099161,0.1394492298329064,100.40636935623742,0.9877003951158937,malignant
0.15460179763900667,0.28472255590967793,117.34460240963857,0.9700303951425968,0.15420534738748443,0.270904233285454,178.95715916820518,0.953725942262562,0.15441681468909607,0.2733060878181139,169.7429508315958,0.956050757021876,0.15460179763900667,0.28472255590967793,117.34460240963857,0.9700303951425968,malignant
0.18386842953086438,0.30370264191960666,156.21123247243995,0.9398267988012755,0.18034327214982981,0.2709031438515196,389.77118411240644,0.8477579209849126,0.180650137579773,0.2719114787090138,368.81603764344504,0.8560360362165885,0.18386842953086438,0.30370264191960666,156.21123247243995,0.9398267988012755,malignant
0.04720750581808765,0.18652129429720932,121.61105482319408,0.9736605100124275,0.04425010520855967,0.1624910639615719,191.33495612857013,0.9582792508744293,0.0442237077870113,0.16344724462780547,179.18589485908257,0.9608955549286384,0.04720750581808765,0.18652129429720932,121.61105482319408,0.9736605100124275,malignant
0.015448646500998729,0.1299897580852592,183.98520219558637,0.9747814123272406,0.014212104002292614,0.10868460782312432,415.2129873541221,0.9423950664693697,0.01420565092204547,0.10755559484499803,436.2334357207073,0.9394299891219795,0.015448646500998729,0.1299897580852592,183.98520219558637,0.9747814123272406,malignant
0.013278376960329743,0.12248770594679685,137.36091487570224,0.9743306142524861,0.010809501953576392,0.08537224219135706,437.8874149801216,0.9174192871818689,0.01080610811337833,0.08444922252810787,426.2586147760904,0.9195861740735535,0.013278376960329743,0.12248770594679685,137.36091487570224,0.9743306142524861,malignant
0.025120947694662922,0.15671622274389269,116.19483712490043,0.9880922056561817,0.02262936052851123,0.1210503456597238,239.51705434627968,0.9753363660242549,0.02284895577023608,0.1228826805536651,243.311899454736,0.974938569798772,0.025120947694662922,0.15671622274389269,116.19483712490043,0.9880922056561817,malignant
0.01655532008713355,0.13652844661430388,241.02374528769934,0.9598618180541808,0.015401783814778977,0.11221607374836415,552.0678446207451,0.9071808312827939,0.01542629724147644,0.11274726203431544,534.4199604527578,0.9101344640026584,0.01655532008713355,0.13652844661430388,241.02374528769934,0.9598618180541808,malignant
0.019736275678823977,0.12819683927706096,144.6320911214953,0.9308079419936168,0.017559265950251583,0.10269783699215473,343.1533415550857,0.8271816481468084,0.01775566215110401,0.10354642025544168,321.0801928800769,0.8381630950382383,0.019736275678823977,0.12819683927706096,144.6320911214953,0.9308079419936168,malignant
0.014133891738429665,0.1181121613168368,171.3428651266766,0.9679198181624006,0.012696074720348846,0.09291711006195752,591.7981756797221,0.8880403225493314,0.012802826277522656,0.09382117138646924,588.1870563268722,0.8887228946864792,0.014133891738429665,0.1181121613168368,171.3428651266766,0.9679198181624006,malignant
0.028825403781045082,0.19788269313487067,106.90513089887493,0.9643424458379838,0.025711407571929492,0.15629004445921563,254.13657215833828,0.9156361493537677,0.025767134807886675,0.15743125007691555,250.81872953849407,0.9167440490413867,0.028825403781045082,0.19788269313487067,106.90513089887493,0.9643424458379838,malignant
0.014777780726001869,0.12050559054518664,298.06412925150056,0.9455656231639782,0.013495281832021288,0.10002477644263619,470.14365202602784,0.912902919814869,0.01353733197350029,0.10187623576190605,441.61394773750646,0.9181308751503212,0.014777780726001869,0.12050559054518664,298.06412925150056,0.9455656231639782,malignant
0.02484001821504131,0.14511616394420473,181.00741238132542,0.9696324907084487,0.02178588237037897,0.11249615025016298,476.42703417877607,0.9190958175576801,0.021874437310560543,0.11464591573407126,471.6505151862079,0.919889261717252,0.02484001821504131,0.14511616394420473,181.00741238132542,0.9696324907084487,malignant
0.013307986912074079,0.12031358153763178,227.81067298271063,0.9602898214069086,0.010655164148311873,0.07972788448943204,746.9646848943186,0.8688446885562273,0.010787842724368099,0.08123745562395374,721.8962059620598,0.8732160961541346,0.013307986912074079,0.12031358153763178,227.81067298271063,0.9602898214069086,malignant
0.014530568327617531,0.11040426915142797,450.36537438625203,0.8940068949614803,0.011813791422113086,0.07428811111999939,1052.6366100581145,0.7524766909582971,0.011841461762397653,0.07426313860676466,1004.2431089760004,0.763786616065793,0.014530568327617531,0.11040426915142797,450.36537438625203,0.8940068949614803,malignant
0.01326063396605647,0.12520033049574,163.16708523125,0.9735229160761701,0.010223844268487393,0.07596987728198656,546.1028808162313,0.9108785875660199,0.010210667873449538,0.07603022536839382,557.0815600828774,0.9090672083673383,0.01326063396605647,0.12520033049574,163.16708523125,0.9735229160761701,malignant
0.017831093404534773,0.1174507314554722,280.12779778795186,0.9558818911643007,0.01670432506455407,0.08189649090292844,801.9295949601367,0.8730905958339934,0.017083060252314618,0.08111105503707827,831.5502471579501,0.8684650138965722,0.017831093404534773,0.1174507314554722,280.12779778795186,0.9558818911643007,malignant
0.02567738218499213,0.1304874371792688,197.25066195581547,0.940450319435105,0.024462322499667177,0.09864191031580655,629.5460958434089,0.811454288554422,0.024730549152450227,0.10009480074132264,632.1797679046175,0.8108126896940404,0.02567738218499213,0.1304874371792688,197.25066195581547,0.940450319435105,malignant
0.018613244065792563,0.12644220334345407,364.40614452861325,0.9155233004659147,0.016520469834654987,0.10001552070304341,739.3692329385224,0.8274859266237427,0.016442897565624216,0.0990372138928389,763.0305598741268,0.8218197708473203,0.018613244065792563,0.12644220334345407,364.40614452861325,0.9155233004659147,malignant
0.0694468979544368,0.20718100932234015,135.3356271850728,0.9766305866463542,0.0668993869843629,0.19139086894954208,216.3388366320465,0.9618876925625708,0.06726527764854061,0.19093113920776075,216.9079306399085,0.9617527850168821,0.0694468979544368,0.20718100932234015,135.3356271850728,0.9766305866463542,malignant
0.014559328900454568,0.12852730821351724,127.26083920618056,0.9675720709533319,0.012310700800482598,0.09477416125554347,348.9172304317998,0.910579373716873,0.012383193021765155,0.09623027702392438,337.05749844990703,0.913599997053826,0.014559328900454568,0.12852730821351724,127.26083920618056,0.9675720709533319,malignant
0.01242559536653228,0.11513169602138415,150.54740427098673,0.9732917135289026,0.009892527958891069,0.07466685251879028,471.0063275154468,0.9157796465605474,0.009886750659177107,0.07485963341598033,480.0806792333851,0.9141528066646357,0.01242559536653228,0.11513169602138415,150.54740427098673,0.9732917135289026,malignant
0.013920153728956431,0.13223127693955325,129.42954061846555,0.9698481449471016,0.010525215186750075,0.07996897948570947,538.0807165861514,0.8726192547841197,0.010472177295185353,0.07822000696248836,542.8526901249633,0.8715108351352119,0.013920153728956431,0.13223127693955325,129.42954061846555,0.9698481449471016,malignant
0.01464428850002055,0.12423648188055704,149.3343448121228,0.9703174056695827,0.013866720969738648,0.10894228181173087,313.0144638104426,0.9371531225195704,0.014004236225840143,0.11050332308433697,298.4750783135239,0.94005000677982,0.01464428850002055,0.12423648188055704,149.3343448121228,0.9703174056695827,malignant
0.014215211167631619,0.11377148755566169,197.83647466603196,0.9639974177373768,0.012625013689169873,0.08716327678062079,658.9857389445998,0.8797479560093089,0.012715254742235475,0.08871806670024991,646.2082189635112,0.8820373109606013,0.014215211167631619,0.11377148755566169,197.83647466603196,0.9639974177373768,malignant
0.01384407142272173,0.13453992826567873,116.17763534036088,0.9787664929565221,0.011530543903129593,0.09443428188671556,338.000392531582,0.9373675767542026,0.011577758354909854,0.09525368331676067,316.17462589605736,0.9414089202339757,0.01384407142272173,0.13453992826567873,116.17763534036088,0.9787664929565221,malignant
0.017264872312816287,0.12737645353755314,188.164323168235,0.9754006069473595,0.01530187681394385,0.09960908339258687,442.5590924537732,0.9413195069630963,0.01530003898295454,0.09930986884709794,441.33206018518524,0.941444603963848,0.017264872312816287,0.12737645353755314,188.164323168235,0.9754006069473595,malignant
0.02648618222334922,0.1442587421237715,156.18015115708747,0.9765245175942868,0.025845251801022748,0.12926893013135055,392.52243647167717,0.9403603239035213,0.026111282769664564,0.13093747246746007,383.88918032786887,0.941645174679038,0.02648618222334922,0.1442587421237715,156.18015115708747,0.9765245175942868,malignant
0.012005268153328613,0.0987329251575607,510.2895698427383,0.8933390045448439,0.009773738773336328,0.06547992606519984,1200.8980609225143,0.746004379529848,0.009726907895584893,0.06667791550146891,1220.5373815875962,0.7417512037759906,0.012005268153328613,0.0987329251575607,510.2895698427383,0.8933390045448439,malignant
0.018102401382347397,0.13040181105241216,187.6386823866865,0.9767197742801387,0.01615439532627971,0.10175718556758077,459.6165641232054,0.9424413324588078,0.016133536144162318,0.10191457325831094,455.9624727356216,0.9428677683382202,0.018102401382347397,0.13040181105241216,187.6386823866865,0.9767197742801387,malignant
0.03246994790872827,0.14708461130292996,259.94238050633913,0.9565944110873134,0.03149011706568943,0.11032764120956619,722.4274653680804,0.87779530784761,0.0323086080297357,0.1114978998961561,698.9233182074128,0.8817916474983873,0.03246994790872827,0.14708461130292996,259.94238050633913,0.9565944110873134,malignant
0.02557509212035967,0.1441184906021113,200.7430831446595,0.966459019709757,0.022046637911059302,0.11208871246727235,496.12398411789957,0.9161552378639464,0.022155988316317723,0.11328400596658711,499.9035966033667,0.91550473924123,0.02557509212035967,0.1441184906021113,200.7430831446595,0.966459019709757,malignant
0.018483500672626055,0.13563143747840523,197.31371327790382,0.9662036952450953,0.016626852990237292,0.10201382307320644,444.9300011544281,0.9228080929438083,0.017040134195541994,0.10496863600335214,412.2668991774459,0.9284609395261253,0.018483500672626055,0.13563143747840523,197.31371327790382,0.9662036952450953,malignant
0.013794981342839836,0.11962498294876585,265.1527878843005,0.9594317592003635,0.012073713201939309,0.08718013935172113,832.0650428795564,0.8713034335246537,0.012241801887247196,0.0891712617263935,780.8117839358346,0.8791971010544033,0.013794981342839836,0.11962498294876585,265.1527878843005,0.9594317592003635,malignant
0.04313946553976947,0.19249727768692929,107.13855434331985,0.9631037291025252,0.04145793997439532,0.1501656882670095,420.33524467047874,0.8554032990385146,0.04173096765830472,0.153051657493231,391.15641083664,0.8653458437838616,0.04313946553976947,0.19249727768692929,107.13855434331985,0.9631037291025252,malignant
0.029546107206494605,0.16240170481427285,138.13930553064358,0.9289434560175476,0.027340344063575127,0.12344161146862448,412.0650689488953,0.7882705677810684,0.027482593031627523,0.12383952702409078,402.3982717989002,0.7931205753270916,0.029546107206494605,0.16240170481427285,138.13930553064358,0.9289434560175476,malignant
0.013068788628807797,0.11753881098005695,205.88692498106374,0.9693471083900046,0.011814825663296448,0.09693711081621588,432.4488147566718,0.9352561884988612,0.011746128358841106,0.09562379115774934,446.536393018746,0.9331274854187196,0.013068788628807797,0.11753881098005695,205.88692498106374,0.9693471083900046,malignant
0.014714920559327722,0.12130547640578743,253.38537600628314,0.961736143248441,0.01338486949026286,0.09878180977970132,492.1018360645386,0.9253563833073898,0.013478152320251412,0.09989646018634037,486.7841128012386,0.926154320834665,0.014714920559327722,0.12130547640578743,253.38537600628314,0.961736143248441,malignant
0.01583441138747444,0.12705679096950623,126.4028066474583,0.97708584803098,0.013953254397294175,0.0984848759552605,242.66099615076598,0.9556221105854138,0.01392900607200881,0.09842325792527314,242.2934598388757,0.9556762587346029,0.01583441138747444,0.12705679096950623,126.4028066474583,0.97708584803098,malignant
0.014238929658395107,0.11775060000330048,171.79811065770417,0.9725980451016162,0.012598004655387822,0.09030549230181159,501.40369790812406,0.9196178579854489,0.012664560353294718,0.09002703143064042,480.3931362570253,0.9229470364009112,0.014238929658395107,0.11775060000330048,171.79811065770417,0.9725980451016162,malignant
0.015524143421936696,0.13290290448964223,170.90721419045886,0.9822700875154478,0.014326551947787704,0.11074219179453147,388.16940569026434,0.9595395585829533,0.014225716853990083,0.1092344251502323,381.5605044699872,0.9601988467431369,0.015524143421936696,0.13290290448964223,170.90721419045886,0.9822700875154478,malignant
0.012354597070723406,0.11261245626344644,236.7965174284467,0.9530864883671247,0.0098171254657244,0.07312443825929099,916.1197101449277,0.8168521603711304,0.009887506574231524,0.07588768986423895,895.3128675320615,0.8208934590684281,0.012354597070723406,0.11261245626344644,236.7965174284467,0.9530864883671247,malignant
0.018586348231678894,0.13548632328744029,157.9920339138927,0.9781745458539302,0.01616520071302072,0.09398856224829354,478.6078682323965,0.9334444958253983,0.01634719379640652,0.09659264578673106,441.1540005666308,0.9386474392873225,0.018586348231678894,0.13548632328744029,157.9920339138927,0.9781745458539302,malignant
0.019057588217387584,0.13745157624235516,144.38803095493907,0.9824549620740118,0.018026154640913616,0.11721487004705733,294.552701030313,0.9639100495503538,0.018123336688278344,0.11993752459209638,277.93679773888033,0.9659190442996705,0.019057588217387584,0.13745157624235516,144.38803095493907,0.9824549620740118,malignant
0.013357024628733618,0.11942483423077495,225.21310592459608,0.9678787533165021,0.011926728915007814,0.09248327740222861,574.9428393744192,0.9171126735451524,0.011805706547189364,0.09117157647807564,612.2759196811774,0.9117288719403164,0.013357024628733618,0.11942483423077495,225.21310592459608,0.9678787533165021,malignant
0.019619776982202675,0.14746069118144095,103.52933719050455,0.9517441870350416,0.016662416627271734,0.1090336460437047,460.31150107806565,0.7725220282957053,0.01683041548612397,0.1108474929632865,430.6594770255223,0.7871185897867652,0.019619776982202675,0.14746069118144095,103.52933719050455,0.9517441870350416,malignant
0.011486764831058012,0.09276907651775915,538.3757319383451,0.8857286782704585,0.009446277726327359,0.060323122951578836,1270.0121989517456,0.7250291798174185,0.009391444792880657,0.06058139998341824,1306.60384382632,0.7170561360236412,0.011486764831058012,0.09276907651775915,538.3757319383451,0.8857286782704585,malignant
0.019476663678056397,0.14289402858030198,164.18777154092538,0.9659482533933852,0.01798137971933688,0.11672289291671326,409.1555494457329,0.9144750656887572,0.018115454124338595,0.11681282786942716,393.7460493606188,0.9176249185297998,0.019476663678056397,0.14289402858030198,164.18777154092538,0.9659482533933852,malignant
0.016034565317243756,0.132770288037757,161.91163537893567,0.9772333693993484,0.01402888258359689,0.09903336727788647,370.4352998268715,0.9475198905109976,0.014372940891395476,0.10284549519851083,326.10571725480963,0.9538050288674252,0.016034565317243756,0.132770288037757,161.91163537893567,0.9772333693993484,malignant
0.017570016215563918,0.12143316806052966,333.2193123127193,0.9381086984078166,0.015381552044533247,0.08701938407714709,932.4009276564191,0.8238780470379162,0.015473549534609818,0.08754835337020093,919.3282575937824,0.8262640284276446,0.017570016215563918,0.12143316806052966,333.2193123127193,0.9381086984078166,malignant
0.011108817524366838,0.09176872351710436,278.7219406698565,0.9504385502916812,0.009784685135618252,0.07156738465497149,651.5801332348688,0.8842560470609909,0.009865601991851955,0.073148794276816,611.1361536955344,0.8913868666574949,0.011108817524366838,0.09176872351710436,278.7219406698565,0.9504385502916812,malignant
0.018356044855794708,0.14696350219050583,113.57115630219081,0.9854496097049448,0.015472924671964799,0.10688133824105898,264.39118729176204,0.9659106493576122,0.015468791516316246,0.10766120447403206,257.0249066960035,0.9668700365568511,0.018356044855794708,0.14696350219050583,113.57115630219081,0.9854496097049448,malignant
0.01231536887207569,0.11156889430340383,256.44755600024814,0.9556041094011112,0.010068144302153295,0.07511203063919357,1045.3179759956354,0.8173830337778931,0.010133399486689294,0.07685035629917436,1004.3324516706213,0.824515754097701,0.01231536887207569,0.11156889430340383,256.44755600024814,0.9556041094011112,malignant
0.01766193304283884,0.12474098580574129,178.8012433900961,0.9785944463124093,0.016837848393786846,0.10840864927449555,324.5136022017572,0.9610193970482537,0.016968100031087004,0.1106593073018081,314.6935420605865,0.9621785349415378,0.01766193304283884,0.12474098580574129,178.8012433900961,0.9785944463124093,malignant
0.013638410530857356,0.12550296389405194,191.03200288084014,0.9803180499603061,0.012064323446029463,0.0976069845065492,455.1975301434589,0.9529415650079737,0.01201250340528614,0.09815534052055215,476.70669318870534,0.9506851732929218,0.013638410530857356,0.12550296389405194,191.03200288084014,0.9803180499603061,malignant
0.019703809290800418,0.13460442235497685,179.99773918934844,0.9757961298912817,0.019178866578107287,0.1162912650830727,501.76837604308463,0.9320522303316852,0.019253314751597323,0.11588178296955896,501.6602754393739,0.9320476885864174,0.019703809290800418,0.13460442235497685,179.99773918934844,0.9757961298912817,malignant
0.0628512644280417,0.18575134407412067,141.9092708504504,0.954565244900107,0.06286875625674782,0.14676714289562118,465.4620839743349,0.8481897049711178,0.06342938964987142,0.14677164988917457,491.5652042728637,0.8397828889151482,0.0628512644280417,0.18575134407412067,141.9092708504504,0.954565244900107,malignant
0.01605090119558896,0.11998016111631739,146.0782249040261,0.97464952013739,0.015013500359942644,0.09848114229530042,457.3546390316236,0.9198857354762123,0.015123076651944616,0.09999760095785327,428.01001854673115,0.9250139602058016,0.01605090119558896,0.11998016111631739,146.0782249040261,0.97464952013739,malignant
0.13855051688965772,0.2483997203296955,106.60910440104574,0.9883242325647448,0.13519770742653078,0.22124741372227616,235.6135338056051,0.9740214171541558,0.1354823883872731,0.2229783342239645,237.74834795707437,0.9737819054680492,0.13855051688965772,0.2483997203296955,106.60910440104574,0.9883242325647448,malignant
0.013333518217268064,0.11700291260987673,194.92743626788462,0.9659489952361273,0.01173227094327424,0.0907516245665335,443.7504053726236,0.9221073787736032,0.011749805318956294,0.09155359680713553,438.8103279844375,0.922928057599358,0.013333518217268064,0.11700291260987673,194.92743626788462,0.9659489952361273,malignant
0.23236981512806984,0.3334098667307842,118.60869588271167,0.9763657188924967,0.22687644764574727,0.307991358975394,214.28197589335605,0.9567361567640287,0.22796632067425712,0.31236483983975927,195.88220073322353,0.960460666935189,0.23236981512806984,0.3334098667307842,118.60869588271167,0.9763657188924967,malignant
0.10555900647013247,0.2828526472607008,77.79488296322548,0.9744245538708405,0.10318187573570896,0.2535989695391712,131.27553301747113,0.9565000083947951,0.10365985230080878,0.2535349793937819,138.00888396156688,0.95423688444473,0.10555900647013247,0.2828526472607008,77.79488296322548,0.9744245538708405,malignant
0.01315924688720677,0.11202956976829713,262.864599520239,0.9668467692468985,0.011251941586633715,0.07864706963159704,783.4687850580638,0.9002375975444349,0.011259174930014873,0.07928085480910334,805.3585729418888,0.897448567115817,0.01315924688720677,0.11202956976829713,262.864599520239,0.9668467692468985,malignant
0.025937600381224918,0.15111541282822746,160.44122525990548,0.9727203082776009,0.02454460790984277,0.13064815808491712,348.139733288104,0.9406411297710641,0.024715052554495083,0.1327225071729594,339.57602982623933,0.942079436326658,0.025937600381224918,0.15111541282822746,160.44122525990548,0.9727203082776009,malignant
0.03391873456345949,0.16944918763860012,90.89459812935955,0.9876414383504247,0.03138407858296801,0.14427770649317956,207.6701906412478,0.9715934511330506,0.03138591119526828,0.1453787383115403,195.96583717915624,0.973188173664802,0.03391873456345949,0.16944918763860012,90.89459812935955,0.9876414383504247,malignant
0.03666109374102084,0.1661376858160204,137.06846174004193,0.9813640979507021,0.0332552977151999,0.13490101160585694,389.4022977745845,0.9466987011140293,0.03333890443057636,0.13701658045664808,347.6848321476211,0.9524504517973233,0.03666109374102084,0.1661376858160204,137.06846174004193,0.9813640979507021,malignant
0.013977973115893483,0.10834798488040358,217.91112545381202,0.9531205463257559,0.012059841619617285,0.07812446033297979,497.48377142672496,0.8927412296060738,0.011975084324803563,0.07664193605733177,558.6195281866682,0.879646527348269,0.013977973115893483,0.10834798488040358,217.91112545381202,0.9531205463257559,malignant
0.1340189632327176,0.2620247115267136,204.65207284842123,0.9547684092736527,0.1298186263282778,0.23309573562345864,424.2429347751693,0.9044061005222681,0.13038118643910726,0.23486155510235868,406.03595078605605,0.9084901957364647,0.1340189632327176,0.2620247115267136,204.65207284842123,0.9547684092736527,malignant
0.02776164530782527,0.14148295149413168,179.62425125642824,0.9716101685966042,0.027197432825319827,0.1205758976569736,486.2657868862083,0.9228142580521279,0.027343056219228667,0.12173150881926877,490.9151138943822,0.9220371268274893,0.02776164530782527,0.14148295149413168,179.62425125642824,0.9716101685966042,malignant
0.018397342581261227,0.12769456353213426,176.3965637254902,0.9791605377812765,0.01751779908514318,0.11172926876198652,338.73394603743145,0.9596830004610967,0.017542996791073396,0.11143244796896047,328.7621240084818,0.9608500333937585,0.018397342581261227,0.12769456353213426,176.3965637254902,0.9791605377812765,malignant
0.016717241711623948,0.13905322944395707,217.91432904992627,0.967970308338479,0.0148996396889259,0.10980662707346041,402.6818193361608,0.9405703942769866,0.014879355527400351,0.11070671875367165,379.81737690514007,0.9439128154676589,0.016717241711623948,0.13905322944395707,217.91432904992627,0.967970308338479,malignant
0.01415332103724634,0.11523953389049976,223.60776213427033,0.9553333915432827,0.012136344113112712,0.08290249357823168,602.6656962639494,0.8779943899583488,0.012183591733010762,0.08448472250408981,554.5153989678444,0.8877467248652561,0.01415332103724634,0.11523953389049976,223.60776213427033,0.9553333915432827,malignant
0.0560353564718742,0.17551429723839113,133.3691083240103,0.9785724792995395,0.0554571735531555,0.14000691737080714,384.8868421052631,0.9381237498660148,0.05558764731161477,0.1414452734468462,381.8842731899951,0.9386347653245841,0.0560353564718742,0.17551429723839113,133.3691083240103,0.9785724792995395,malignant
0.014193835005007177,0.13820277349314036,110.47869101633393,0.9851598018674723,0.01227101830474119,0.10291662274083484,298.53452856153405,0.9595903313819534,0.01227128281152137,0.10129674543443111,294.4520077908839,0.9601401018532545,0.014193835005007177,0.13820277349314036,110.47869101633393,0.9851598018674723,malignant
0.015010667688866237,0.11913840757947831,204.3320817952589,0.9458046007438259,0.012894907258204245,0.08697082809556164,671.0742436891273,0.8179988921383589,0.012997242903653998,0.08992877205598977,619.6486268751489,0.8319354072795059,0.015010667688866237,0.11913840757947831,204.3320817952589,0.9458046007438259,malignant
0.13132416037038133,0.25054938561999346,175.82432851314144,0.9741929825474794,0.12664426012684915,0.22746147321725588,449.8217551862713,0.9332002010775761,0.12753688871908794,0.23000362077136968,448.1184727417286,0.933420233377496,0.13132416037038133,0.25054938561999346,175.82432851314144,0.9741929825474794,malignant
0.06724298312871395,0.17117091234898477,265.04955452895564,0.9449433892632079,0.06787499304087648,0.15521223229148956,332.7702986969965,0.9307126716966939,0.06882826823748837,0.15542564305258338,335.2336510421547,0.9302891460512793,0.06724298312871395,0.17117091234898477,265.04955452895564,0.9449433892632079,malignant
0.047553459310298335,0.1661137402211761,208.03225940852067,0.9610527694243491,0.04179355536301711,0.12217939574013433,705.1090877941062,0.8663896247921921,0.04254858052592235,0.1250902355195765,674.64261173609,0.8721369633076911,0.047553459310298335,0.1661137402211761,208.03225940852067,0.9610527694243491,malignant
0.022638500866923275,0.1521685811683972,139.29979873651254,0.9756284483788358,0.02163719014631869,0.13292712474720955,288.361702213118,0.9490207943707193,0.021715052029313224,0.13415596011180986,280.1428508420209,0.9504824582180219,0.022638500866923275,0.1521685811683972,139.29979873651254,0.9756284483788358,malignant
0.013605945684690682,0.12745653122316342,187.10013244428202,0.9737816920884671,0.011645291015319048,0.0937064841066302,544.4329070550083,0.9227680155995529,0.011789621077278652,0.09601114083678614,497.9809627424034,0.9293593639898177,0.013605945684690682,0.12745653122316342,187.10013244428202,0.9737816920884671,malignant
0.019227697966003713,0.13980828040097829,157.28105550087082,0.9802967469608173,0.017845574209924248,0.11703525911951015,360.6139203421301,0.9544050774778733,0.01799986307395094,0.11975294408754102,353.894310456151,0.9552341399220605,0.019227697966003713,0.13980828040097829,157.28105550087082,0.9802967469608173,malignant
0.01830481277763756,0.14710419881088088,133.79899342569547,0.978878640290032,0.01769536341104155,0.1265339059106523,379.7102152744096,0.9391538934644257,0.01777578984290932,0.12730166438214874,386.645948160286,0.9380647066086948,0.01830481277763756,0.14710419881088088,133.79899342569547,0.978878640290032,malignant
0.017133486365998506,0.12496977994407679,314.45752978785225,0.9501267606354298,0.01572999582372841,0.09754166652784983,791.0702671968285,0.8731338634200522,0.015771718585190848,0.0981390068429456,691.4318141176653,0.8891049259962366,0.017133486365998506,0.12496977994407679,314.45752978785225,0.9501267606354298,benign
0.014671069196529303,0.12151346478942122,156.89190669371197,0.964569380523006,0.011525944027990646,0.07750495461517437,545.7293635919166,0.8752608242473372,0.011458463793845686,0.07674432733713182,552.0980699327257,0.8738029286038453,0.014671069196529303,0.12151346478942122,156.89190669371197,0.964569380523006,benign
0.017635425987888514,0.16011696667681793,128.28445238839984,0.970077081108697,0.014120875418572442,0.10946712603164677,487.39190369362143,0.8863201239235601,0.014386988631301263,0.11255378403185001,463.58543902508916,0.8918695735188334,0.017635425987888514,0.16011696667681793,128.28445238839984,0.970077081108697,benign
0.014579232249786758,0.1414387176504716,129.36432262856607,0.9859275967281688,0.012205666944283565,0.09755734166779957,395.9010531582352,0.9567092249239715,0.012270676268499724,0.0976561264859051,396.0912737176169,0.956681591405956,0.014579232249786758,0.1414387176504716,129.36432262856607,0.9859275967281688,benign
0.016076616081225292,0.12465699342312309,180.13742874375873,0.9601051743858671,0.012427263194018864,0.08000165750564424,621.9690874723874,0.862640037579219,0.012547688565405054,0.08024531769012799,617.3294661620619,0.8636893470361109,0.016076616081225292,0.12465699342312309,180.13742874375873,0.9601051743858671,benign
0.012158632347433498,0.10213520217944969,435.1092355773479,0.9123209520582095,0.010190497396674804,0.06981462219523825,1114.5151028706007,0.7698641479473638,0.010154264169258314,0.0703448577529309,1092.729575435096,0.7743446777239285,0.012158632347433498,0.10213520217944969,435.1092355773479,0.9123209520582095,benign
0.018610832697128356,0.14141494221574852,148.6200173103799,0.9742707188569574,0.016216391782429916,0.10612932575740161,436.3798111837328,0.9241551639257675,0.016361966260527598,0.10728419343392591,437.8147471054236,0.9239359459780193,0.018610832697128356,0.14141494221574852,148.6200173103799,0.9742707188569574,benign
0.013447938107633929,0.1047823003582771,437.44382821225327,0.8883866025173932,0.01110827902787433,0.07196705209537829,886.7979758899536,0.7711378599159373,0.010937752895791228,0.0702034168600808,940.8128862037322,0.7572908384728094,0.013447938107633929,0.1047823003582771,437.44382821225327,0.8883866025173932,benign
0.012043899288629346,0.10046693596855419,364.5188298723659,0.9263811573893264,0.009789820636490384,0.06397502784055017,1196.6316717285629,0.7592159291965707,0.009850648339272823,0.06479393666898375,1219.7475244707489,0.7546987300802168,0.012043899288629346,0.10046693596855419,364.5188298723659,0.9263811573893264,benign
0.08630414581320996,0.19411274726146777,229.91585882391053,0.9503837256256207,0.08516154658702522,0.16393409272197318,739.4916114071846,0.8393670418744907,0.08566592673190311,0.16546493852244037,737.3792593795681,0.839758256686516,0.08630414581320996,0.19411274726146777,229.91585882391053,0.9503837256256207,benign
0.0175053318288353,0.12417090393908636,242.09267261857255,0.9105765540355385,0.013890031821121938,0.07901032335417726,774.8053553352815,0.7044963942000424,0.013890059828767488,0.07891743649033013,780.766129032258,0.7021233285331474,0.0175053318288353,0.12417090393908636,242.09267261857255,0.9105765540355385,benign
0.01297198690295159,0.1117153887864047,196.75227494802706,0.9526643954271796,0.010605762528615737,0.07872410557031208,729.7189169730577,0.8233926343500109,0.010614817592606103,0.07852521944472327,681.3473754340629,0.8350563457157512,0.01297198690295159,0.1117153887864047,196.75227494802706,0.9526643954271796,benign
0.3059486102566248,0.39713904047569965,161.51976370623913,0.9386892855164516,0.29831318051945,0.36777187432682895,419.5790515473246,0.8355462696936224,0.2973661980307386,0.36414825656591904,417.8399945806802,0.8363376648961935,0.3059486102566248,0.39713904047569965,161.51976370623913,0.9386892855164516,benign
0.01775130435176506,0.1324645148445195,141.0362968718804,0.9424371723577266,0.014459803339918384,0.09040742772366171,651.4234670642451,0.7208644078509714,0.01446053188414528,0.09143771837980855,650.7042094919971,0.721164704751207,0.01775130435176506,0.1324645148445195,141.0362968718804,0.9424371723577266,benign
0.012661040437945166,0.10522239211274252,403.56629921609317,0.9217599380464062,0.010860098463019762,0.07586506219002413,1092.891283115955,0.7838666754605927,0.01135897233794624,0.08137654452378812,964.2636884077342,0.8093522028341897,0.012661040437945166,0.10522239211274252,403.56629921609317,0.9217599380464062,benign
0.01370664256070859,0.1292788531347541,187.01843434400402,0.96778064184548,0.011046690795152046,0.0860878831606416,629.724393697398,0.8898549155769336,0.011193959654501623,0.08853214434645494,574.9298613970705,0.8994312602016267,0.01370664256070859,0.1292788531347541,187.01843434400402,0.96778064184548,benign
0.020808417950359044,0.1365720379249717,184.66376761242998,0.9789159760476541,0.019549067335773274,0.10848636337282241,503.8112916239952,0.941978062945948,0.01957187255085078,0.1093823310197805,490.6477806475096,0.9434850052821664,0.020808417950359044,0.1365720379249717,184.66376761242998,0.9789159760476541,benign
0.014550189408745211,0.11665687055635371,222.71267395054622,0.9550560998960373,0.01258866320809281,0.08601516181977774,594.7058737411486,0.8787048183818521,0.012633048835889019,0.08721000834847524,545.6037888227422,0.8887155508229408,0.014550189408745211,0.11665687055635371,222.71267395054622,0.9550560998960373,benign
0.013905029408721356,0.11849184248231485,235.7545936116382,0.9582188401619581,0.012668445120419416,0.09880863730656535,481.8064249560997,0.9137927188538213,0.012510178809988703,0.09517531426173322,521.9311765615644,0.9065951227662988,0.013905029408721356,0.11849184248231485,235.7545936116382,0.9582188401619581,benign
0.06544811312932468,0.18363916190316235,205.85950848028583,0.9674442219641923,0.06506118959550886,0.16872625707426087,380.83726342448404,0.9389869967917914,0.06588667552654968,0.17038492263203933,403.9363674321502,0.9352896339368009,0.06544811312932468,0.18363916190316235,205.85950848028583,0.9674442219641923,benign
0.015321702917817715,0.11412567627412813,237.7709944191557,0.9625182283345691,0.013241852944732463,0.08459700555851044,631.1312847630238,0.8993665984358843,0.013145292193271828,0.0839100673853978,620.1185056302785,0.9011184858463787,0.015321702917817715,0.11412567627412813,237.7709944191557,0.9625182283345691,benign
0.017887172953761046,0.1309470269376164,112.67846854641695,0.951441796691666,0.013471441638206492,0.07745049525709048,507.96044124406325,0.7801845186123465,0.013486033632626121,0.07674140702096334,522.6729393468119,0.773686936002287,0.017887172953761046,0.1309470269376164,112.67846854641695,0.951441796691666,benign
0.015322408011875809,0.12217535938121489,267.015155734783,0.967632095218703,0.013716720235317646,0.09219754617912848,795.54949574182,0.9027187777871353,0.013638048628392097,0.09203310387872891,848.8849486772367,0.8961581135266952,0.015322408011875809,0.12217535938121489,267.015155734783,0.967632095218703,benign
0.023132377428609206,0.1529973312429105,217.92457322029964,0.9662311734362168,0.02184112305452159,0.12744568602413123,516.690684196196,0.917975012929699,0.022038881396495465,0.13057983680958654,489.177015064451,0.9223061119876166,0.023132377428609206,0.1529973312429105,217.92457322029964,0.9662311734362168,benign
0.012076445724627054,0.09131509216489951,367.39864815784745,0.9061216739455915,0.00946827243721428,0.05700816200838872,1096.1634107455002,0.717034471342664,0.009474722777881606,0.057092794391561015,1102.870745194889,0.7151866271363528,0.012076445724627054,0.09131509216489951,367.39864815784745,0.9061216739455915,benign
0.013607062096467481,0.12575616824220123,134.98125902771508,0.9737876395379902,0.01169008265115176,0.09480163866974214,423.4621988165011,0.9163205010333288,0.011688472836772651,0.09554020082686464,411.381500357578,0.9187109756634566,0.013607062096467481,0.12575616824220123,134.98125902771508,0.9737876395379902,benign
0.011445338441452011,0.0845134134624774,424.7253574208097,0.8877959028421419,0.00920714316628589,0.05238201485668641,1155.7171346492448,0.6939968318876814,0.009234124196278502,0.05183288996138393,1173.4053775771927,0.6890254876485359,0.011445338441452011,0.0845134134624774,424.7253574208097,0.8877959028421419,benign
0.014263848957147154,0.12397023524460944,157.41420955640382,0.9722018864698164,0.01259955319359863,0.09570015062221031,388.8581678252235,0.9308313779566699,0.012626592877558893,0.09783577753949847,395.1907196907114,0.929710659069804,0.014263848957147154,0.12397023524460944,157.41420955640382,0.9722018864698164,benign
0.018912018279448158,0.15272780501202138,117.60655066363641,0.9583101044935818,0.01503338388230608,0.10196475580038174,662.3855588801142,0.7652754216431198,0.015347116290711898,0.10548412859300722,570.0373508794846,0.7979955424338202,0.018912018279448158,0.15272780501202138,117.60655066363641,0.9583101044935818,benign
0.015490823013617042,0.12540554185340988,196.92367044530687,0.9654971040037443,0.013322832958791858,0.09248416348978264,623.5783674413228,0.8885332660117923,0.013392648845259142,0.09355889478786042,607.7672725873774,0.8912764567128549,0.015490823013617042,0.12540554185340988,196.92367044530687,0.9654971040037443,benign
0.014810705802807585,0.12042086990581967,230.2465815089839,0.9651064009572639,0.012950507367788692,0.0895036534673444,720.5955650929899,0.8893379669451635,0.013086013138219117,0.09247064539688515,695.8302019328744,0.8931249834757956,0.014810705802807585,0.12042086990581967,230.2465815089839,0.9651064009572639,benign
0.012870511511584543,0.12315674521869029,151.97554995786797,0.975486281811769,0.010393916855520317,0.0826720996641954,527.5776971972377,0.914142165774282,0.010476603902375495,0.0837370399901162,481.8897965606384,0.9215922717088161,0.012870511511584543,0.12315674521869029,151.97554995786797,0.975486281811769,benign
0.01593127041681926,0.12611853124122735,124.70748404144517,0.9801005978302768,0.014682501582354191,0.10578839454885135,237.98830526578027,0.9614401758620014,0.014723233516239399,0.10613702851813567,235.2667924528302,0.9618974481135971,0.01593127041681926,0.12611853124122735,124.70748404144517,0.9801005978302768,benign
0.012338711692347591,0.11138355166216217,217.93214499295877,0.9576220573590596,0.010886406919462965,0.08798530410450384,402.0928570597655,0.9217479506258348,0.010876675611973708,0.08814571861118038,428.1798501281188,0.916624878110768,0.012338711692347591,0.11138355166216217,217.93214499295877,0.9576220573590596,benign
0.01957816701815643,0.13297855267651984,249.57937885802477,0.9691692543580819,0.016441089688429014,0.10080317741973863,699.7246507453999,0.9126645734346213,0.016380067375827527,0.1015494112427594,686.7477402224267,0.9143280655202329,0.01957816701815643,0.13297855267651984,249.57937885802477,0.9691692543580819,benign
0.16418419129326328,0.2712068051155769,152.2850048573474,0.974516474554238,0.1576127226886258,0.22943333556217727,602.8161215133302,0.8988888115328304,0.1582675665747219,0.23031868498197097,619.2957503141267,0.8960941019619199,0.16418419129326328,0.2712068051155769,152.2850048573474,0.974516474554238,benign
0.051467649620117746,0.17032596074711998,216.22729625447022,0.9655148261285778,0.0488965749293637,0.1415236423212935,622.9405159774882,0.8997086739848903,0.04951079259688454,0.14359198920179703,547.5780046421969,0.9118504372591255,0.051467649620117746,0.17032596074711998,216.22729625447022,0.9655148261285778,benign
0.012635475769482395,0.12015565352156952,162.32241681260945,0.9721863826059657,0.010180313832659398,0.08013236812044405,585.4757586972613,0.8986118461864461,0.010310732075529731,0.08192887772876395,540.2543196187008,0.9064577784035848,0.012635475769482395,0.12015565352156952,162.32241681260945,0.9721863826059657,benign
0.08588640919583976,0.18055196245861252,254.37720387193082,0.9355883921957371,0.08417243005172076,0.1432293714584029,823.5953706906266,0.791101942415909,0.08408771237824296,0.1433780451554609,823.2917520094344,0.7910182776791611,0.08588640919583976,0.18055196245861252,254.37720387193082,0.9355883921957371,benign
0.013092839623551648,0.11353464680222844,187.42093944898699,0.9739525589405815,0.011187277606249373,0.08200953655558235,564.4315313046018,0.9212957165080294,0.011263485383327717,0.0834399526616049,535.2731503656162,0.9253609752644324,0.013092839623551648,0.11353464680222844,187.42093944898699,0.9739525589405815,benign
0.024630171310656392,0.15168959240583854,127.27045262532076,0.9733554481859723,0.02300083833503804,0.12559738688086475,327.7130827895275,0.9291878044735561,0.023127627807650254,0.12676256472880298,328.75723591272964,0.92898301932243,0.024630171310656392,0.15168959240583854,127.27045262532076,0.9733554481859723,benign
0.018083748709970173,0.14841383571686662,167.20751344874182,0.9397817451624009,0.013879383329756405,0.09333115847739888,555.8503441041778,0.8002209671385749,0.013845013364857897,0.09286541930270704,604.4620717489705,0.7826680020081878,0.018083748709970173,0.14841383571686662,167.20751344874182,0.9397817451624009,benign
0.011424567448574953,0.10648075240805174,397.17308498344994,0.9403361416249677,0.009413312416420688,0.07464265467109923,1002.4932502923102,0.8482313223790597,0.009377406917686503,0.07429836181092297,1020.4718200823665,0.8455319243491958,0.011424567448574953,0.10648075240805174,397.17308498344994,0.9403361416249677,benign
0.018794413604694374,0.1388380975037374,163.90212849516624,0.976392340856633,0.016189831067805437,0.10068875245275094,569.2292581126018,0.9171636901486413,0.016475888141787527,0.10469470570338177,484.6881682011818,0.9294641516438905,0.018794413604694374,0.1388380975037374,163.90212849516624,0.976392340856633,benign
0.012464911192111612,0.11017169284460994,265.51229375606596,0.9676929104606337,0.01067265360654175,0.08120516136688408,684.5864187494193,0.9162564261947439,0.010739330496840855,0.0819119699508935,685.1710553773622,0.9161906960181136,0.012464911192111612,0.11017169284460994,265.51229375606596,0.9676929104606337,benign
0.012878696367210998,0.12844068163151068,137.2663714864746,0.976752643283924,0.010098098942762581,0.08354843093913915,457.3864525349782,0.9220416086216586,0.010221300216686912,0.08467981026668678,440.1144829353873,0.9249775692753731,0.012878696367210998,0.12844068163151068,137.2663714864746,0.976752643283924,benign
0.0837231168289458,0.2447175000625287,77.69345229017335,0.9861145117506201,0.08137002243878406,0.21337449058451222,182.69784682891986,0.9669274752436469,0.08183611464667218,0.2154079512226327,181.90488649088874,0.967068070515617,0.0837231168289458,0.2447175000625287,77.69345229017335,0.9861145117506201,benign
0.015225573318719699,0.14291791113670027,116.76136282633878,0.982258537242626,0.012931209820817254,0.10179142266918063,310.1636665055842,0.9525449933433038,0.013052340335827327,0.10392887871106833,300.3707770270271,0.9540689905277512,0.015225573318719699,0.14291791113670027,116.76136282633878,0.982258537242626,benign
0.014488574045997453,0.11942510269902869,347.7827548410669,0.9333283593356352,0.012371242671228263,0.08286770542907937,985.5854211547053,0.8081512565817596,0.012501065546034841,0.0854765071813163,924.9488281823003,0.8200519642847809,0.014488574045997453,0.11942510269902869,347.7827548410669,0.9333283593356352,benign
0.01664421986855114,0.11768097745369362,178.82324917653958,0.9759659451974699,0.015386456307515589,0.09214571001220051,453.0556050900277,0.9389353560002789,0.015512967928079066,0.09360044640718876,437.53236089978566,0.9410481305759211,0.01664421986855114,0.11768097745369362,178.82324917653958,0.9759659451974699,benign
0.18813775374238514,0.29349797230270025,293.8067924252395,0.9515327272571811,0.18168852793702905,0.26431332286187964,753.9385665905099,0.8731620695727041,0.1822492648768905,0.2655586454578423,674.1581398248063,0.8865142623688915,0.18813775374238514,0.29349797230270025,293.8067924252395,0.9515327272571811,benign
0.012039275691816714,0.09825602229433861,280.7451054000529,0.9398511543951371,0.009538907786982175,0.0636271781362181,1016.6969196474977,0.7793021065495173,0.00954344235303604,0.0640744342825504,1008.9410966695618,0.7808172031264129,0.012039275691816714,0.09825602229433861,280.7451054000529,0.9398511543951371,benign
0.013077423021921834,0.0934118071279168,338.33090036578403,0.892927791031701,0.010607648121944063,0.06156197459231707,1002.3708528405509,0.6821301929033962,0.01070272852641293,0.0621400196215181,959.6294674190741,0.6956151437723759,0.013077423021921834,0.0934118071279168,338.33090036578403,0.892927791031701,benign
0.012391796916060236,0.12290355108719057,157.27813541213968,0.9765683790385685,0.010090161759314285,0.08450047095925058,500.5784280738766,0.924855940019155,0.010271559307375581,0.08625017964608571,465.24767051130704,0.9301631328542493,0.012391796916060236,0.12290355108719057,157.27813541213968,0.9765683790385685,benign
0.013001449666703998,0.10971125338448343,380.1547801139952,0.9275062947306338,0.011067786184421979,0.0781899519189693,1016.9055024472316,0.8028303928626445,0.01150511958849629,0.08229716223436626,894.4513773584185,0.8266034410892767,0.013001449666703998,0.10971125338448343,380.1547801139952,0.9275062947306338,benign
0.037021195910731934,0.15418509430046234,194.25629427930315,0.971520334286685,0.03618867253825648,0.1190009300344966,532.1222208160373,0.9213242679792315,0.03638229909579532,0.1215597385518223,493.11751979598705,0.9270546882197443,0.037021195910731934,0.15418509430046234,194.25629427930315,0.971520334286685,benign
0.01231527850203897,0.11186089810548636,167.054773526825,0.9708192837916436,0.010501060500664445,0.08236392818921218,522.0305170434476,0.9081090971547231,0.010679136944401146,0.08516619022926264,499.25207251144286,0.9121301996337569,0.01231527850203897,0.11186089810548636,167.054773526825,0.9708192837916436,benign
0.013354492132961398,0.12035789508555986,178.50051882731432,0.9668222857345689,0.010612415019807427,0.07764631229331942,514.9329014671619,0.9040704041518645,0.01065266630890366,0.07832868579592128,497.99364183391504,0.9072502522984455,0.013354492132961398,0.12035789508555986,178.50051882731432,0.9668222857345689,benign
0.018738455729969045,0.13034228301624895,220.87455164073864,0.9767083573691848,0.017740042115990753,0.10766361873222409,657.0092379228048,0.9305352100620649,0.017849675752735605,0.10915574047341244,619.5528786945813,0.9344801536107116,0.018738455729969045,0.13034228301624895,220.87455164073864,0.9767083573691848,benign
0.31756968161234145,0.419355456550276,132.0614537923775,0.9818379421857119,0.3175636105526675,0.40242207793606183,417.52162493192293,0.9418035177438087,0.31909217014799435,0.4035919292357648,392.74261847389545,0.9452459565981397,0.31756968161234145,0.419355456550276,132.0614537923775,0.9818379421857119,benign
0.04619305959172728,0.16317923077286742,378.94134004187856,0.9108586803691161,0.040992719472020565,0.12518865221006503,872.5540104184247,0.7894785423239405,0.04118281576408723,0.1255848725164022,866.8840221623238,0.7908203099996792,0.04619305959172728,0.16317923077286742,378.94134004187856,0.9108586803691161,benign
0.014610074552537714,0.10972396666089522,212.9332181296726,0.9436747987635955,0.011994932954236094,0.07428289921227252,761.2702284385307,0.7993410454266021,0.01181617815829981,0.07255937726181194,837.5063725311751,0.7792718479279961,0.014610074552537714,0.10972396666089522,212.9332181296726,0.9436747987635955,benign
0.014495169319363793,0.1368974022139999,142.53875442595918,0.9821771668864925,0.01237829085011837,0.09704221270540664,379.98520437535996,0.9521638974378936,0.012502765106971469,0.09917664462760033,360.31287331462477,0.9546380894204787,0.014495169319363793,0.1368974022139999,142.53875442595918,0.9821771668864925,benign
0.01953375821751763,0.13116353395325234,202.67161835748792,0.9654050633049717,0.017518911364660234,0.09940283339085626,510.01414285378667,0.9118764453613162,0.01758558888236565,0.09994739090837065,508.85622325145107,0.9120239194827104,0.01953375821751763,0.13116353395325234,202.67161835748792,0.9654050633049717,benign
0.01746041401364552,0.12612471959164104,187.42183034863785,0.962605783461303,0.015664151326117537,0.09926391217827887,486.5836976465896,0.9021793836000744,0.015654513593498266,0.09895558484855338,510.0564341455646,0.8975388854234939,0.01746041401364552,0.12612471959164104,187.42183034863785,0.962605783461303,benign
0.2476237968927429,0.35323998728455736,222.5313112184929,0.9666893663243692,0.2404601963067863,0.3174735297594063,585.1239352975917,0.9124173247969016,0.24068750108504774,0.316264417218396,590.780663019622,0.9115600445856872,0.2476237968927429,0.35323998728455736,222.5313112184929,0.9666893663243692,benign
0.020912086806014134,0.13799202455085505,189.59017325287138,0.9725299116633386,0.01916898266230197,0.1086451817823824,468.7391617366263,0.9309139328967999,0.019193746927389004,0.11053293868426989,443.0583622026332,0.9346850216058497,0.020912086806014134,0.13799202455085505,189.59017325287138,0.9725299116633386,benign
0.042846278643078294,0.15228279314822185,636.6354275945137,0.9163306137661325,0.04168563687832898,0.13015391815479493,1158.4979706744869,0.8464055021390355,0.041527534700361614,0.12739777572434813,1131.8633633867846,0.8498384528884041,0.042846278643078294,0.15228279314822185,636.6354275945137,0.9163306137661325,benign
0.010767198444646275,0.09475875879320671,336.6725466365724,0.9407502315038072,0.008575243077702542,0.061751666273141874,920.3218724189676,0.837038665381693,0.008536978383470648,0.06135485608149021,934.0711736609458,0.8346575445526284,0.010767198444646275,0.09475875879320671,336.6725466365724,0.9407502315038072,benign
0.01251787416095028,0.1193725092005486,146.10338017819413,0.9716676664917681,0.009546448903411612,0.07392277290451384,588.3897176517258,0.8857581249822579,0.009570188692586749,0.0743241567618866,569.9161297901402,0.8893499235156866,0.01251787416095028,0.1193725092005486,146.10338017819413,0.9716676664917681,benign
0.019342099077576724,0.13992111672462682,118.45688968183171,0.9512510224342343,0.01601679380000065,0.10044708128157336,518.4075685535719,0.7874184036717303,0.016143750019465487,0.10243881775037422,481.7133668377722,0.8025383837519104,0.019342099077576724,0.13992111672462682,118.45688968183171,0.9512510224342343,benign
0.01592286453675952,0.12127768515892638,272.9312877427779,0.9583386542692994,0.013679883233032812,0.08736288080601355,791.63552414264,0.8773668726920754,0.01356673977217169,0.0862286047539432,775.6009137983551,0.8798320297505773,0.01592286453675952,0.12127768515892638,272.9312877427779,0.9583386542692994,benign
0.01211460773906562,0.114957115075977,165.6157325711445,0.9756784212661438,0.00959029372748499,0.07493695581950281,591.4177372013937,0.9127293518877411,0.009659877833523532,0.07581981019958214,564.7505492802629,0.9166247983926588,0.01211460773906562,0.114957115075977,165.6157325711445,0.9756784212661438,benign
0.06957101179701215,0.19798129465225855,152.76884984887738,0.9852841102844273,0.06777521065222089,0.1653294367594701,369.8856679496214,0.9642220449107111,0.06772774061803248,0.1693531120579668,338.44937965260544,0.96725397427035,0.06957101179701215,0.19798129465225855,152.76884984887738,0.9852841102844273,benign
0.011870463798760006,0.10563951783709538,228.61622755010558,0.9596485526743719,0.00989345065607248,0.07656972104784343,773.38193814409,0.8626838543371318,0.009935970378510378,0.07737734621916945,764.0213050156948,0.8643832382496428,0.011870463798760006,0.10563951783709538,228.61622755010558,0.9596485526743719,benign
0.012722312673029364,0.10053896227846225,359.83303085299445,0.9189050421564783,0.010523276908732844,0.06886285355443435,928.7380830284127,0.7861471499942413,0.010513430484146987,0.06841148547528854,950.3623540369324,0.7811750561061775,0.012722312673029364,0.10053896227846225,359.83303085299445,0.9189050421564783,benign
0.045499211532516896,0.16536169141162374,256.0607227055168,0.9574919469530708,0.04064285465378933,0.12726569083533473,907.1532021466902,0.8478113085287872,0.041020202737421255,0.12909278301377328,879.5921353383459,0.852415617154314,0.045499211532516896,0.16536169141162374,256.0607227055168,0.9574919469530708,benign
0.01943254567061377,0.14666906587685677,112.23002736502906,0.957553070546913,0.01532979147882313,0.09523134079363339,497.51652474734254,0.8043887734522271,0.015387436634317677,0.09623696801190565,492.36879650697995,0.8063386635883047,0.01943254567061377,0.14666906587685677,112.23002736502906,0.957553070546913,benign
0.04333352326112735,0.14849074332971693,217.7504077048524,0.9676983051704453,0.0421541657132374,0.12641971584667494,472.599799782002,0.9296407358218316,0.04289599016813619,0.12816108454929032,451.9204082026352,0.9326622149094722,0.04333352326112735,0.14849074332971693,217.7504077048524,0.9676983051704453,benign
0.01184019534651431,0.10093909796271876,270.74473856334885,0.9525748282835014,0.009770424200253166,0.06958509613652436,936.3190001159958,0.8341143985162566,0.0097491048768626,0.07032783573140823,963.7976888875165,0.8291136828179245,0.01184019534651431,0.10093909796271876,270.74473856334885,0.9525748282835014,benign
0.017034128880816603,0.11266693263699666,255.6230136368759,0.926813788093051,0.013897331437292522,0.07552811855345377,898.638269951062,0.7423319415647894,0.01435331674398671,0.0778697429551526,889.3295646817567,0.7449827046663332,0.017034128880816603,0.11266693263699666,255.6230136368759,0.926813788093051,benign
0.018708521465232452,0.13881939807976157,178.73561136145764,0.9635785946578045,0.016731247480786814,0.09821957299071168,603.0339515303218,0.8757493058183081,0.016593070424011033,0.0970021727892965,690.2766449610053,0.857801235881481,0.018708521465232452,0.13881939807976157,178.73561136145764,0.9635785946578045,benign
0.10683175652798194,0.21896228347798236,196.10083084377462,0.9650181821263552,0.10465903195073188,0.19442531201658028,616.3226992445279,0.8878172179560224,0.10490357930140724,0.19554707468064397,605.8569634873325,0.889662587373124,0.10683175652798194,0.21896228347798236,196.10083084377462,0.9650181821263552,benign
0.20997761173855178,0.3413504005064526,127.12447215415361,0.9710999781636969,0.207343740594662,0.28682930660177247,513.0448668200653,0.8807274471812029,0.2067465708149385,0.2861064596410314,505.7472064792006,0.882361593681135,0.20997761173855178,0.3413504005064526,127.12447215415361,0.9710999781636969,benign
0.017513710700806626,0.12700731851368144,313.0305473540768,0.9519946141437374,0.016153172139964245,0.09817840138429748,785.8202918175456,0.8772880316689172,0.01619922275982494,0.09879534857957682,690.4350168580281,0.8921763704583093,0.017513710700806626,0.12700731851368144,313.0305473540768,0.9519946141437374,benign
0.014816497675696006,0.1313345135229523,130.02910793216705,0.9876326390718574,0.01288737429200469,0.09718350428035058,376.75411447995805,0.9639575452529583,0.01300602290949843,0.09895934148757146,347.8255160628845,0.9667194737682028,0.014816497675696006,0.1313345135229523,130.02910793216705,0.9876326390718574,benign
0.012244367880220243,0.09834138470938926,460.62619313736445,0.8893044956819371,0.010091545998933322,0.06512597488229548,1002.9706358576489,0.7562484032860197,0.010268764891223775,0.06715819287182956,932.0011444279264,0.7734869365618166,0.012244367880220243,0.09834138470938926,460.62619313736445,0.8893044956819371,benign
0.018239620597746344,0.16991941552945083,114.00332615926435,0.972569640952097,0.014855284655212242,0.11838218965584163,331.9403226576551,0.9203911391828984,0.014957299633266377,0.12081827158564072,313.9516063512248,0.9247447708602671,0.018239620597746344,0.16991941552945083,114.00332615926435,0.972569640952097,benign
0.015975147815880976,0.13248685961483175,101.7518544107133,0.9698387561590105,0.011637542279423934,0.07619977498674098,710.3596558693284,0.790082438846549,0.011747591174408155,0.0781177479706946,690.6707200286606,0.7958923405501056,0.015975147815880976,0.13248685961483175,101.7518544107133,0.9698387561590105,benign
0.014439693484848254,0.12455661917394624,237.88322595929722,0.9645922345310747,0.012687857636426976,0.09077211887988422,701.9007910906298,0.894022944163386,0.012797534728504702,0.09246216808872158,657.3377570774156,0.900709153972937,0.014439693484848254,0.12455661917394624,237.88322595929722,0.9645922345310747,benign
0.023477201467349308,0.15272536536104056,149.32537495462793,0.9282195939654666,0.020367039011380084,0.10857199536727502,529.1065280053268,0.7459459165374774,0.020271271412548145,0.10860477774885705,522.3225222229999,0.7492723812043469,0.023477201467349308,0.15272536536104056,149.32537495462793,0.9282195939654666,benign
0.019565746530174954,0.16280834911908687,129.1801129912306,0.9597987121275028,0.01681792862574353,0.12238273472860402,400.37337637609926,0.875619412714085,0.016777371350719085,0.12232385590990383,414.5479803262251,0.8712207420630909,0.019565746530174954,0.16280834911908687,129.1801129912306,0.9597987121275028,benign
0.33050066319464544,0.4309892330087574,152.75978762236605,0.9608766144588723,0.3242861941842054,0.39574870832981746,467.4625927926847,0.8791126344508563,0.325138712686433,0.39868100884737817,475.09008883029037,0.8771644067459382,0.33050066319464544,0.4309892330087574,152.75978762236605,0.9608766144588723,benign
0.012202196542236374,0.08668483438859986,427.1963769430836,0.8664186743782603,0.009525888662845608,0.05061191506612682,1276.4136896412933,0.5943544984558332,0.009551361657579705,0.0506850767958442,1299.0764801830753,0.5871128813684855,0.012202196542236374,0.08668483438859986,427.1963769430836,0.8664186743782603,benign
0.023650654111337256,0.15500352690881336,232.40740308137265,0.9624176044616743,0.022603043383372608,0.13239429498153396,523.2673317740798,0.9137237898172358,0.022812377111032945,0.13531195613684988,496.01714646239054,0.9181666276165797,0.023650654111337256,0.15500352690881336,232.40740308137265,0.9624176044616743,benign
0.016157655897381367,0.13623667220217095,140.99573992420926,0.9725488189537628,0.01356004913732768,0.09534607830621229,425.44941960323234,0.9156166200703355,0.013539668217664471,0.09412683776796987,440.86632728712806,0.9125820944752955,0.016157655897381367,0.13623667220217095,140.99573992420926,0.9725488189537628,benign
0.04148370320632582,0.1688047619206151,178.62263870820007,0.9840179909553056,0.039604885492756,0.13572755843803097,513.1545179193497,0.9539796862270095,0.03983295077051539,0.13558926553793157,508.5726440318837,0.9543657969146984,0.04148370320632582,0.1688047619206151,178.62263870820007,0.9840179909553056,benign
0.015894670882202946,0.12534297967497296,127.49691199908925,0.9789917559804979,0.014640289886649982,0.10576925511234164,235.35712612550844,0.9608551618147069,0.014686585849625271,0.10637792231199904,231.9381267183062,0.9614393992974476,0.015894670882202946,0.12534297967497296,127.49691199908925,0.9789917559804979,benign
0.015681039122136683,0.1473209971596883,78.90330928692106,0.978520245476562,0.01287705303346136,0.10407637350392718,247.18681663943696,0.9311618692280724,0.0126342265263393,0.10127201318496,278.52939871261566,0.9225079525449733,0.015681039122136683,0.1473209971596883,78.90330928692106,0.978520245476562,benign
0.019314045364364527,0.13349406798564387,153.99796078431373,0.9648535407002277,0.01759337594861645,0.100032767706941,571.7403834540596,0.8662750399554776,0.01784782191476249,0.09948809721470063,586.4959638509503,0.8628103221999971,0.019314045364364527,0.13349406798564387,153.99796078431373,0.9648535407002277,benign
0.04575479447505581,0.15480566248353492,646.6708843316851,0.914183376398003,0.04446015948023255,0.13132254515196823,1178.40328607091,0.841364482988128,0.0439848219336738,0.127968390977564,1154.4033698906535,0.8444980773736879,0.04575479447505581,0.15480566248353492,646.6708843316851,0.914183376398003,benign
0.013282548519459978,0.12513632760353377,149.2803376809005,0.9815018995981032,0.010629973080521337,0.08107617559973203,493.1431304730117,0.9384431030079452,0.010627164236047792,0.08104512170656641,510.473991935484,0.9362594399042149,0.013282548519459978,0.12513632760353377,149.2803376809005,0.9815018995981032,benign
0.012557304321127581,0.106070866923437,230.53547221676808,0.9522731052706547,0.009956066322579022,0.06938297508860318,836.7856595939504,0.8255469878646656,0.010150169229792954,0.07229606746238944,787.1168788190381,0.8358969309312002,0.012557304321127581,0.106070866923437,230.53547221676808,0.9522731052706547,benign
0.011527560680436574,0.0853544992337652,413.8677575872894,0.89228399436432,0.009180709052335048,0.05387525938040194,1155.8144263734782,0.6960889992308383,0.009156634699296234,0.05311659962543863,1179.9277665430848,0.6896731931669735,0.011527560680436574,0.0853544992337652,413.8677575872894,0.89228399436432,benign
0.011138248395126159,0.10192488886815662,350.2962354589605,0.9481068986722337,0.009226178664276347,0.07096293675793329,841.9811383045156,0.8744419113494677,0.009273909256680684,0.07089027876551954,833.4840355418626,0.8756823018947936,0.011138248395126159,0.10192488886815662,350.2962354589605,0.9481068986722337,benign
0.015501793013234304,0.12470067007675179,236.36747284531833,0.9715167569264385,0.013606632478781812,0.09304656327882527,730.61019333792,0.911311666505235,0.013571772092634299,0.09290403104112596,777.6525261878583,0.9055687477334186,0.015501793013234304,0.12470067007675179,236.36747284531833,0.9715167569264385,benign
0.016845294973806327,0.1183989420833133,215.71710726824384,0.9687392605592507,0.015430050638154068,0.09359716502923221,639.7714202753282,0.90650064634622,0.01551587343440177,0.0937781727856836,673.5845667640705,0.9015129608691715,0.016845294973806327,0.1183989420833133,215.71710726824384,0.9687392605592507,benign
0.014574246066653071,0.12190418541031225,341.5412797388071,0.9376082755244999,0.012396313672848677,0.08529776981911676,918.0090896867018,0.8288887095487735,0.012515475493611313,0.08733713489070541,853.4699498397019,0.8409781399221484,0.014574246066653071,0.12190418541031225,341.5412797388071,0.9376082755244999,benign
0.016642343097357667,0.1382523235297127,178.18099403924887,0.9597869205044361,0.015066008323629795,0.10859121007831245,611.1090783612524,0.8609130684844388,0.014977963645376641,0.10597799283080021,647.5973627529554,0.8525313324359672,0.016642343097357667,0.1382523235297127,178.18099403924887,0.9597869205044361,benign
0.014960279176257142,0.11533958410602779,237.14283631732187,0.9431948677799507,0.01292778090219126,0.08535764978382596,678.2517708755086,0.8333682352667621,0.01290756491318295,0.0847870552879525,681.8584262916004,0.8324827316154103,0.014960279176257142,0.11533958410602779,237.14283631732187,0.9431948677799507,benign
0.012359332758203027,0.11297686872193562,184.8880797363556,0.9758293863261723,0.010591478034210207,0.0844538674448853,501.92803315140486,0.9340943561575444,0.010701413615058017,0.08646504475399981,489.97075169004137,0.9356573501805315,0.012359332758203027,0.11297686872193562,184.8880797363556,0.9758293863261723,benign
0.014309759089850008,0.1233404953817887,250.89612844403922,0.9616831058703517,0.01266681779550585,0.08984835280029099,737.5878809236141,0.8856270290783781,0.012802158182248013,0.09193527903497183,697.1087196776031,0.8918432603070263,0.014309759089850008,0.1233404953817887,250.89612844403922,0.9616831058703517,benign
0.02448418497834908,0.13917607251569866,136.71465926963637,0.980764200941132,0.021588532377636492,0.10067132194908669,516.003410267472,0.9267305499305534,0.021964787226117725,0.10165104464034551,498.0099351586567,0.9292973710861517,0.02448418497834908,0.13917607251569866,136.71465926963637,0.980764200941132,benign
0.043721268694720775,0.18117902191317076,168.28444174872746,0.9631266525288513,0.04049014351737031,0.14613187401567299,472.7120076168017,0.8934817632760664,0.040836677775612625,0.14563681505940612,519.6675507380074,0.882974991657636,0.043721268694720775,0.18117902191317076,168.28444174872746,0.9631266525288513,benign
0.014116802989733982,0.11502112801595903,318.80390767473034,0.9112003968293311,0.011394840879514383,0.07761101054728518,821.4180491848578,0.7699190050536335,0.011558441028932562,0.08051843281882436,805.7782115973199,0.7741008894891002,0.014116802989733982,0.11502112801595903,318.80390767473034,0.9112003968293311,benign
0.020422152120111243,0.16532545364001788,85.49885553928743,0.9760092316686748,0.015589445707295261,0.1052383325827914,433.27981837664345,0.8787156637913224,0.01560390441897471,0.10496876039290134,407.0308496789494,0.8859992989146073,0.020422152120111243,0.16532545364001788,85.49885553928743,0.9760092316686748,benign
0.0372830420396597,0.17559084542977502,169.97417167046032,0.9212651810129792,0.032934414683315996,0.11860064076088567,488.1411136950905,0.7743341708884554,0.033270070595819295,0.11923725023829838,447.8724071207431,0.7928040684930127,0.0372830420396597,0.17559084542977502,169.97417167046032,0.9212651810129792,benign
0.013376831358319408,0.10460749340361829,443.59003772815333,0.8859646135172465,0.011046715318369139,0.07194831341558984,892.8744226009363,0.7690820911090134,0.01086977921217627,0.07009275858331132,946.9644867754843,0.755204937902932,0.013376831358319408,0.10460749340361829,443.59003772815333,0.8859646135172465,benign
0.011767939328235758,0.09131517685094737,446.4712386129887,0.8996098832305786,0.009457900121814588,0.05637832946323722,1429.9485493827158,0.6748769078408149,0.009572378254551048,0.05717257939388252,1428.3301791478773,0.6753093019256554,0.011767939328235758,0.09131517685094737,446.4712386129887,0.8996098832305786,benign
0.014434362362882388,0.11688800544328404,362.9366448187236,0.9391195670252772,0.01249764709695245,0.0848636639582997,794.4310573821595,0.8658813223828014,0.012510070611862602,0.08579891347739242,751.6671588370349,0.8731326307728925,0.014434362362882388,0.11688800544328404,362.9366448187236,0.9391195670252772,benign
0.012218662477317989,0.09744644199274113,397.9842139992894,0.912681670378751,0.00963729395540141,0.058574708965918564,1339.1029692344382,0.7028797465038781,0.009731497836614734,0.060126785014266736,1336.3003698979594,0.7035227059388616,0.012218662477317989,0.09744644199274113,397.9842139992894,0.912681670378751,benign
0.016175606842805397,0.12578841680497568,159.0489038985662,0.9740205486322698,0.014366666940958533,0.09641703118510596,395.4424284079713,0.9349788954015269,0.014268485558813078,0.09545836714539074,405.57843615523433,0.9333101487329312,0.016175606842805397,0.12578841680497568,159.0489038985662,0.9740205486322698,benign
0.014068981809623952,0.111901482082761,368.6844202898551,0.9376932862572961,0.012354228795684489,0.08313697808333682,807.0746136419714,0.8623416861152641,0.012389550911520804,0.08409693960922111,774.9968553811032,0.8678487689184498,0.014068981809623952,0.111901482082761,368.6844202898551,0.9376932862572961,benign
0.015113333600411609,0.13309758983985864,176.48433048433054,0.982489956201432,0.013561540944437723,0.1037997587975877,438.3096520935959,0.9563447949665104,0.01365159922681043,0.10436753402010446,423.22993499907807,0.957831704388908,0.015113333600411609,0.13309758983985864,176.48433048433054,0.982489956201432,benign
0.1428038303675945,0.2790582055333318,125.05243743066845,0.9722311703046146,0.1412482696217909,0.2589625247345359,224.84212856924728,0.9481210016725613,0.14073305753742876,0.2573872199708027,251.6208884587245,0.9420055077151641,0.1428038303675945,0.2790582055333318,125.05243743066845,0.9722311703046146,benign
0.010697493119299701,0.09463021067130861,425.85978251356556,0.9264018635033716,0.008553704503714519,0.06019157622407144,1231.868075272367,0.7861621835054078,0.008540633310443115,0.06023465563890161,1230.2402624498986,0.7863827702411627,0.010697493119299701,0.09463021067130861,425.85978251356556,0.9264018635033716,benign
0.015521967933643318,0.12060130580079013,287.68276018862235,0.9624655307072129,0.01391687373091413,0.0938247960098784,636.922277771868,0.9160938740908617,0.01392643714753425,0.09359687668206762,661.422964693298,0.9128596495039321,0.015521967933643318,0.12060130580079013,287.68276018862235,0.9624655307072129,benign
0.012513322096324586,0.1059003555982939,219.6898280073275,0.9516083784635605,0.009595739190794771,0.0648023776068013,877.8109705007815,0.805591381966234,0.009649530272722145,0.06514551491284974,875.0251376128069,0.8062256976951495,0.012513322096324586,0.1059003555982939,219.6898280073275,0.9516083784635605,benign
0.012338743426820393,0.12564452525486292,150.47063677405788,0.9800683022394163,0.010031616955453479,0.08535690031500019,475.40644487576753,0.9366698840210137,0.009995960512598542,0.08503485808361853,493.7603504953637,0.9342327506156801,0.012338743426820393,0.12564452525486292,150.47063677405788,0.9800683022394163,benign
0.015483795878373384,0.1178861738363026,310.0556393806414,0.9626872506192009,0.013186586229161341,0.08518752338865991,820.4679205972567,0.9007255131656113,0.013152885332836789,0.08641553115175064,786.5873014650376,0.9047943911963215,0.015483795878373384,0.1178861738363026,310.0556393806414,0.9626872506192009,benign
0.01108894470420566,0.08920609159856217,432.4821014492752,0.9046096643919512,0.008844013232738607,0.05695289826705294,1296.2845423143349,0.7113580338222777,0.008940211599244038,0.05866341620156503,1236.8743103660518,0.7247703587526607,0.01108894470420566,0.08920609159856217,432.4821014492752,0.9046096643919512,benign
0.3157367452147563,0.42271969606377136,126.16252580176908,0.9832477908740961,0.31219095506142164,0.40096620159787605,402.05899992422036,0.9456353346878287,0.3134195591771774,0.4020183388105131,378.9484539871994,0.9487498480498572,0.3157367452147563,0.42271969606377136,126.16252580176908,0.9832477908740961,benign
0.017841477931153087,0.15956054963389918,94.56106085732952,0.9671604455701514,0.014221259024286503,0.10937093140082033,376.3715304374119,0.8697638011441085,0.014279950348848732,0.1108749003316282,358.2648540006439,0.8759932793575909,0.017841477931153087,0.15956054963389918,94.56106085732952,0.9671604455701514,benign
0.08561138294054947,0.1846640281303361,443.18111373925694,0.9063174856323694,0.08154943165459112,0.14849836521922147,1281.393942819006,0.7242176383506334,0.08208829167298916,0.151228529403181,1191.4144785249712,0.7437502943927563,0.08561138294054947,0.1846640281303361,443.18111373925694,0.9063174856323694,benign
0.037298643863632484,0.15328893976979227,194.7939709423501,0.9709384585934179,0.03641102001007953,0.11849538718360768,536.0816809053139,0.919516637032441,0.03655231133228234,0.12098641085068315,493.92724008338035,0.925804507653739,0.037298643863632484,0.15328893976979227,194.7939709423501,0.9709384585934179,benign
0.01581389071532354,0.12105732815499258,200.68989612766504,0.9643591582470911,0.0133618495036137,0.08769025925794573,580.4334648464605,0.8955603913314119,0.013600111688652881,0.08810358588759425,591.5664980792309,0.8935142633390527,0.01581389071532354,0.12105732815499258,200.68989612766504,0.9643591582470911,benign
0.014720422471844517,0.11870848542032743,234.7623896600065,0.966322841469957,0.013096048037619394,0.08970581779351267,642.6817467505825,0.9072820862938623,0.01314705286508999,0.09088495005152274,630.6238152826129,0.9089878019295212,0.014720422471844517,0.11870848542032743,234.7623896600065,0.966322841469957,benign
0.014078906640892884,0.13714836832770047,128.11018505794516,0.9794667708483531,0.011607702845775928,0.09394000055083092,374.3106941070376,0.9393368606915447,0.011450693669797288,0.0912084864230583,432.3950176218944,0.9299353132974182,0.014078906640892884,0.13714836832770047,128.11018505794516,0.9794667708483531,benign
0.23486617228217668,0.34197507113201125,163.8905794511299,0.9738223054603093,0.23042341561324883,0.3142818956847019,293.12574742741276,0.9521905842799328,0.23026807413596823,0.3134539864667282,289.83474643802003,0.9527267040755778,0.23486617228217668,0.34197507113201125,163.8905794511299,0.9738223054603093,benign
0.013012627784922454,0.10991919856867381,249.38223936737472,0.9537136645003518,0.010638292666483773,0.07570316972550208,824.311686150679,0.8448037926634944,0.01066109044910793,0.07575658038930277,838.267641650829,0.8421201809627985,0.013012627784922454,0.10991919856867381,249.38223936737472,0.9537136645003518,benign
0.03703971821417115,0.14616505507797597,243.6049244245046,0.9608531016138601,0.035222593880372036,0.1133093521193989,712.4201993482844,0.8839932311875253,0.03543719491562385,0.11507538442721575,692.6145951324047,0.8871776124376752,0.03703971821417115,0.14616505507797597,243.6049244245046,0.9608531016138601,benign
0.011424519339058931,0.10853798093846721,262.7208603154385,0.9666439731480829,0.009463507207710763,0.07702592738579238,971.2063005585036,0.8759144481230259,0.009429457004339082,0.07625544746975177,1005.2381105423956,0.871584429087875,0.011424519339058931,0.10853798093846721,262.7208603154385,0.9666439731480829,benign
0.011812294253724888,0.09062427691407227,383.8935034013605,0.901370948219959,0.009326139921746178,0.05492572327742336,1128.1881571736826,0.7089952079249379,0.009365387425895122,0.054663484735428376,1132.7832658015764,0.7075883587265456,0.011812294253724888,0.09062427691407227,383.8935034013605,0.901370948219959,benign
0.015377308188996833,0.11763566316491161,206.11237996664937,0.9306003039956958,0.013818463745925548,0.09287027245833379,367.12274651984455,0.872227899286646,0.013591984037776053,0.09235890676872066,397.7563575944984,0.8615083047380772,0.015377308188996833,0.11763566316491161,206.11237996664937,0.9306003039956958,benign
0.4375755734156722,0.4987877160213676,146.34932098469213,0.975332157413316,0.4338973618526193,0.4770190423379375,526.9873428406058,0.9088388622544412,0.4342538208452114,0.4771638029015771,536.3386012212834,0.9071796627536021,0.4375755734156722,0.4987877160213676,146.34932098469213,0.975332157413316,benign
0.0825054665618116,0.24398598029064228,83.88939506510773,0.9845194947070844,0.07961517614667696,0.2137700602225911,183.48630163870078,0.9658681652602542,0.08033823575327609,0.21506071949370745,182.08788804370175,0.9661132229201959,0.0825054665618116,0.24398598029064228,83.88939506510773,0.9845194947070844,benign
0.013847837618565706,0.11844398010394425,310.5123511165319,0.9597028434057967,0.012298965895771346,0.08939660762412038,802.1937485339852,0.8952713555413342,0.012264800486530239,0.08879537999489924,803.2046723995335,0.8950930924232502,0.013847837618565706,0.11844398010394425,310.5123511165319,0.9597028434057967,benign
0.023411144298081474,0.15238680041348115,159.55955711490242,0.9677301042650756,0.02160847411022228,0.11955180749080142,510.14963514862893,0.8953145451185938,0.021783382765526667,0.12068633241755787,472.1400383362086,0.9030981052055013,0.023411144298081474,0.15238680041348115,159.55955711490242,0.9677301042650756,benign
0.01377428174270133,0.11065675252977743,205.56176725095153,0.9348493049733448,0.010958390619073173,0.07306650371232457,604.804963256512,0.8068776105938253,0.011061612441983849,0.07480179384431443,598.5675474306782,0.808883866968348,0.01377428174270133,0.11065675252977743,205.56176725095153,0.9348493049733448,benign
0.015910537514965965,0.1251772094680762,157.66915760869566,0.9746784717328351,0.014095657706834111,0.09535325140978149,402.17120835564225,0.934701223047574,0.014005989660090656,0.09392155561260646,413.29524105828716,0.9328953386149349,0.015910537514965965,0.1251772094680762,157.66915760869566,0.9746784717328351,benign
